{"min_cost_bcls": 249723110467.19904, "curr_cost_bcls": 249723110467.19904, "curr_delta_bcls": 8814497.333496094, "init_cost_bcls": 249731924964.53253, "delta_cost_bcls": 8814497.333496094, "min_cost_old": 63130463584.8927, "min_risk_old": 21494052673.9983, "min_len_old": 41636410910.8944, "find_percentage_curr_old": 0.5164930555555556, "mean_find_ratio_curr_old": 1.0000155102875583, "find_percentage_total_old": 0.5164930555555556, "mean_find_ratio_total_old": 1.0000155102875583, "search_advantage": 0.5017947139849288, "time_to_find": 8.943714624728102, "find_percentage": 0.0938, "comp_time": 15.510153770446777}