{"min_cost_bcls": 249717429068.93643, "curr_cost_bcls": 249717429068.93643, "curr_delta_bcls": 14614190.918304443, "init_cost_bcls": 249732043259.85474, "delta_cost_bcls": 14614190.918304443, "min_cost_old": 62718993657.87274, "min_risk_old": 21082582746.97834, "min_len_old": 41636410910.8944, "find_percentage_curr_old": 0.4357638888888889, "mean_find_ratio_curr_old": 1.0000282219807977, "find_percentage_total_old": 0.4357638888888889, "mean_find_ratio_total_old": 1.0000282219807977, "search_advantage": 0.50178963016191, "time_to_find": 10.308882510030763, "find_percentage": 0.0914, "comp_time": 15.689886331558228}