{"min_cost_bcls": 249721568882.07892, "curr_cost_bcls": 249721568882.07892, "curr_delta_bcls": 10656328.831298828, "init_cost_bcls": 249732225210.91022, "delta_cost_bcls": 10656328.831298828, "min_cost_old": 61239891530.76016, "min_risk_old": 19603480619.865765, "min_len_old": 41636410910.8944, "find_percentage_curr_old": 0.4118923611111111, "mean_find_ratio_curr_old": 1.0000181656115226, "find_percentage_total_old": 0.4118923611111111, "mean_find_ratio_total_old": 1.0000181656115226, "search_advantage": 0.5017879161164968, "time_to_find": 9.66363809102471, "find_percentage": 0.0898, "comp_time": 16.718134880065918}