{"min_cost_bcls": 249724427467.44342, "curr_cost_bcls": 249724427467.44342, "curr_delta_bcls": 7598389.855804443, "init_cost_bcls": 249732025857.29922, "delta_cost_bcls": 7598389.855804443, "min_cost_old": 51354179613.12659, "min_risk_old": 19794835449.67828, "min_len_old": 31559344163.448303, "find_percentage_curr_old": 0.4791666666666667, "mean_find_ratio_curr_old": 1.0000134145772743, "find_percentage_total_old": 0.4791666666666667, "mean_find_ratio_total_old": 1.0000134145772743, "search_advantage": 0.5017890603227065, "time_to_find": 9.266649368391448, "find_percentage": 0.1008, "comp_time": 15.623392820358276}