{"min_cost_bcls": 249720386281.37543, "curr_cost_bcls": 249720386281.37543, "curr_delta_bcls": 11926293.324493408, "init_cost_bcls": 249732312574.69992, "delta_cost_bcls": 11926293.324493408, "min_cost_old": 64699166418.565674, "min_risk_old": 23062755507.671272, "min_len_old": 41636410910.8944, "find_percentage_curr_old": 0.6002604166666666, "mean_find_ratio_curr_old": 1.0000273653348957, "find_percentage_total_old": 0.6002604166666666, "mean_find_ratio_total_old": 1.0000273653348957, "search_advantage": 0.501795042382003, "time_to_find": 9.437562774525874, "find_percentage": 0.0936, "comp_time": 15.804378747940063}