{"min_cost_bcls": 238458781565.33002, "curr_cost_bcls": 238458781565.33002, "curr_delta_bcls": 2806032.539581299, "init_cost_bcls": 238461587597.8696, "delta_cost_bcls": 2806032.539581299, "min_cost_old": 39959003411.643234, "min_risk_old": 20410335821.205193, "min_len_old": 19548667590.438046, "find_percentage_curr_old": 0.3550347222222222, "mean_find_ratio_curr_old": 1.0000008947921364, "find_percentage_total_old": 0.3550347222222222, "mean_find_ratio_total_old": 1.0000008947921364, "search_advantage": 0.5017176208092595, "time_to_find": 10.984126470820133, "find_percentage": 0.1492, "comp_time": 16.21339702606201}