{"min_cost_bcls": 238459574985.44492, "curr_cost_bcls": 238459574985.44492, "curr_delta_bcls": 2080934.8753967285, "init_cost_bcls": 238461655920.3203, "delta_cost_bcls": 2080934.8753967285, "min_cost_old": 35495300955.75735, "min_risk_old": 20808382814.69803, "min_len_old": 14686918141.059319, "find_percentage_curr_old": 0.3589409722222222, "mean_find_ratio_curr_old": 1.000000953697819, "find_percentage_total_old": 0.3589409722222222, "mean_find_ratio_total_old": 1.000000953697819, "search_advantage": 0.5017176719564105, "time_to_find": 10.986195982917014, "find_percentage": 0.1472, "comp_time": 15.966818571090698}