{"min_cost_bcls": 238460619013.83926, "curr_cost_bcls": 238460619013.83926, "curr_delta_bcls": 1066602.819152832, "init_cost_bcls": 238461685616.65842, "delta_cost_bcls": 1066602.819152832, "min_cost_old": 41058530099.26041, "min_risk_old": 21509862508.82236, "min_len_old": 19548667590.438046, "find_percentage_curr_old": 0.3511284722222222, "mean_find_ratio_curr_old": 1.0000008728202179, "find_percentage_total_old": 0.3511284722222222, "mean_find_ratio_total_old": 1.0000008728202179, "search_advantage": 0.5017176075824273, "time_to_find": 10.791859719954374, "find_percentage": 0.1428, "comp_time": 16.009713649749756}