{"min_cost_bcls": 238459271484.3134, "curr_cost_bcls": 238459271484.3134, "curr_delta_bcls": 2343129.7048339844, "init_cost_bcls": 238461614614.01822, "delta_cost_bcls": 2343129.7048339844, "min_cost_old": 42040249289.41817, "min_risk_old": 22491581698.980118, "min_len_old": 19548667590.438046, "find_percentage_curr_old": 0.3576388888888889, "mean_find_ratio_curr_old": 1.0000009175970945, "find_percentage_total_old": 0.3576388888888889, "mean_find_ratio_total_old": 1.0000009175970945, "search_advantage": 0.5017177582675614, "time_to_find": 11.030230848130492, "find_percentage": 0.1504, "comp_time": 16.18465781211853}