{"min_cost_bcls": 238459650452.16086, "curr_cost_bcls": 238459650452.16086, "curr_delta_bcls": 2001349.1104736328, "init_cost_bcls": 238461651801.27133, "delta_cost_bcls": 2001349.1104736328, "min_cost_old": 37377916761.01558, "min_risk_old": 22691012620.4209, "min_len_old": 14686904140.594685, "find_percentage_curr_old": 0.3585069444444444, "mean_find_ratio_curr_old": 1.0000011660355705, "find_percentage_total_old": 0.3585069444444444, "mean_find_ratio_total_old": 1.0000011660355705, "search_advantage": 0.5017177522681897, "time_to_find": 10.883035454704235, "find_percentage": 0.1424, "comp_time": 16.358745336532593}