{"min_cost_bcls": 238563886540.01923, "curr_cost_bcls": 238563886540.01923, "curr_delta_bcls": 3171287.840789795, "init_cost_bcls": 238567057827.86002, "delta_cost_bcls": 3171287.840789795, "min_cost_old": 37093749206.34497, "min_risk_old": 22406851756.47486, "min_len_old": 14686897449.870106, "find_percentage_curr_old": 0.3702256944444444, "mean_find_ratio_curr_old": 1.0000014420314582, "find_percentage_total_old": 0.3702256944444444, "mean_find_ratio_total_old": 1.0000014420314582, "search_advantage": 0.5015952242439831, "time_to_find": 7.711846708992763, "find_percentage": 0.0818, "comp_time": 15.632390022277832}