{"min_cost_bcls": 238563976639.9688, "curr_cost_bcls": 238563976639.9688, "curr_delta_bcls": 3093143.4080200195, "init_cost_bcls": 238567069783.37683, "delta_cost_bcls": 3093143.4080200195, "min_cost_old": 41355132170.63919, "min_risk_old": 21806464580.201145, "min_len_old": 19548667590.438046, "find_percentage_curr_old": 0.3576388888888889, "mean_find_ratio_curr_old": 1.0000013510559573, "find_percentage_total_old": 0.3576388888888889, "mean_find_ratio_total_old": 1.0000013510559573, "search_advantage": 0.5015950831729472, "time_to_find": 8.597234661009688, "find_percentage": 0.0894, "comp_time": 15.86397385597229}