{"min_cost_bcls": 238564366323.92947, "curr_cost_bcls": 238564366323.92947, "curr_delta_bcls": 2682015.7183532715, "init_cost_bcls": 238567048339.64783, "delta_cost_bcls": 2682015.7183532715, "min_cost_old": 41067738665.61626, "min_risk_old": 21519071075.178207, "min_len_old": 19548667590.438046, "find_percentage_curr_old": 0.36328125, "mean_find_ratio_curr_old": 1.0000009095023583, "find_percentage_total_old": 0.36328125, "mean_find_ratio_total_old": 1.0000009095023583, "search_advantage": 0.5015948308491252, "time_to_find": 8.499294982268864, "find_percentage": 0.0868, "comp_time": 15.471356630325317}