{"min_cost_bcls": 238564637495.56027, "curr_cost_bcls": 238564637495.56027, "curr_delta_bcls": 2352370.303741455, "init_cost_bcls": 238566989865.864, "delta_cost_bcls": 2352370.303741455, "min_cost_old": 41859977315.85394, "min_risk_old": 22311309725.415897, "min_len_old": 19548667590.438046, "find_percentage_curr_old": 0.3671875, "mean_find_ratio_curr_old": 1.000000864415141, "find_percentage_total_old": 0.3671875, "mean_find_ratio_total_old": 1.000000864415141, "search_advantage": 0.5015948078159005, "time_to_find": 9.658390000282747, "find_percentage": 0.0948, "comp_time": 19.80797290802002}