{"min_cost_bcls": 238564019153.80548, "curr_cost_bcls": 238564019153.80548, "curr_delta_bcls": 3039005.714416504, "init_cost_bcls": 238567058159.5199, "delta_cost_bcls": 3039005.714416504, "min_cost_old": 37191411327.02254, "min_risk_old": 22504529285.063026, "min_len_old": 14686882041.959507, "find_percentage_curr_old": 0.3615451388888889, "mean_find_ratio_curr_old": 1.0000010247665818, "find_percentage_total_old": 0.3615451388888889, "mean_find_ratio_total_old": 1.0000010247665818, "search_advantage": 0.5015948732286476, "time_to_find": 8.815958181878212, "find_percentage": 0.0848, "comp_time": 16.506547451019287}