{"min_cost_bcls": 229425916054.3285, "curr_cost_bcls": 229427806658.48672, "curr_delta_bcls": 294784.75927734375, "init_cost_bcls": 229421994912.54868, "delta_cost_bcls": 3921141.779815674, "min_cost_old": 20114132755.352287, "min_risk_old": 20102629937.172943, "min_len_old": 11502818.179343997, "find_percentage_curr_old": 0.7291666666666666, "mean_find_ratio_curr_old": 1.0000004324588947, "find_percentage_total_old": 0.7434895833333334, "mean_find_ratio_total_old": 0.9999965385099956, "search_advantage": 0.5016971661694142, "time_to_find": 15.73369582623226, "find_percentage": 0.0664, "comp_time": 33.382344007492065}