{"min_cost_bcls": 229439695555.84833, "curr_cost_bcls": 229429357180.518, "curr_delta_bcls": 887056.7226867676, "init_cost_bcls": 229428026842.7753, "delta_cost_bcls": 11668713.073028564, "min_cost_old": 17137646043.064695, "min_risk_old": 17120288360.287754, "min_len_old": 17357682.776940443, "find_percentage_curr_old": 0.7955729166666666, "mean_find_ratio_curr_old": 1.000000008101079, "find_percentage_total_old": 0.7495659722222222, "mean_find_ratio_total_old": 0.9999911864512099, "search_advantage": 0.5017099918980046, "time_to_find": 17.627503082153353, "find_percentage": 0.0592, "comp_time": 33.13499641418457}