{"min_cost_bcls": 229423322836.87796, "curr_cost_bcls": 229423907747.78363, "curr_delta_bcls": 329104.8105163574, "init_cost_bcls": 229417013476.4829, "delta_cost_bcls": 6309360.395050049, "min_cost_old": 21072059639.819572, "min_risk_old": 21000911799.37398, "min_len_old": 71147840.44559158, "find_percentage_curr_old": 0.7174479166666666, "mean_find_ratio_curr_old": 1.0000012558415419, "find_percentage_total_old": 0.7552083333333334, "mean_find_ratio_total_old": 1.0000136001584983, "search_advantage": 0.5017018189973449, "time_to_find": 18.061193290746417, "find_percentage": 0.0622, "comp_time": 26.54558515548706}