{"min_cost_bcls": 229425764529.0144, "curr_cost_bcls": 229426900997.2572, "curr_delta_bcls": 1136468.2427978516, "init_cost_bcls": 229419667355.13525, "delta_cost_bcls": 6097173.879150391, "min_cost_old": 20219484261.30634, "min_risk_old": 20204654490.98232, "min_len_old": 14829770.324020227, "find_percentage_curr_old": 0.7608506944444444, "mean_find_ratio_curr_old": 0.9999989001362314, "find_percentage_total_old": 0.6675347222222222, "mean_find_ratio_total_old": 0.9999998846969527, "search_advantage": 0.5016952330874505, "time_to_find": 16.684363840538808, "find_percentage": 0.062, "comp_time": 41.87945008277893}