{"min_cost_bcls": 229435599966.31274, "curr_cost_bcls": 229435542020.3847, "curr_delta_bcls": 57945.92803955078, "init_cost_bcls": 229429320249.27808, "delta_cost_bcls": 6279717.034667969, "min_cost_old": 19520990240.021393, "min_risk_old": 19502859831.61529, "min_len_old": 18130408.40610225, "find_percentage_curr_old": 0.7378472222222222, "mean_find_ratio_curr_old": 1.0000007012842562, "find_percentage_total_old": 0.7578125, "mean_find_ratio_total_old": 1.0000021013441616, "search_advantage": 0.5017036759014257, "time_to_find": 17.543030152538858, "find_percentage": 0.0568, "comp_time": 28.65338110923767}