{"min_cost_bcls": 241437630633.5148, "curr_cost_bcls": 241437630633.5148, "curr_delta_bcls": 287753.5807800293, "init_cost_bcls": 241437342879.93402, "delta_cost_bcls": 287753.5807800293, "min_cost_old": 44841240012.7281, "min_risk_old": 21801819117.205986, "min_len_old": 23039420895.522118, "find_percentage_curr_old": 0.375, "mean_find_ratio_curr_old": 1.0000006562874044, "find_percentage_total_old": 0.375, "mean_find_ratio_total_old": 1.0000006562874044, "search_advantage": 0.5017184695125567, "time_to_find": 11.23538368191052, "find_percentage": 0.133, "comp_time": 15.934266805648804}