{"min_cost_bcls": 241438434770.72833, "curr_cost_bcls": 241438434770.72833, "curr_delta_bcls": 1167097.6002502441, "init_cost_bcls": 241437267673.12808, "delta_cost_bcls": 1167097.6002502441, "min_cost_old": 44845741110.22377, "min_risk_old": 21806320214.701656, "min_len_old": 23039420895.522118, "find_percentage_curr_old": 0.3793402777777778, "mean_find_ratio_curr_old": 1.0000006251672977, "find_percentage_total_old": 0.3793402777777778, "mean_find_ratio_total_old": 1.0000006251672977, "search_advantage": 0.5017184377674972, "time_to_find": 11.424154733550315, "find_percentage": 0.1366, "comp_time": 16.267415523529053}