{"min_cost_bcls": 241435440995.20023, "curr_cost_bcls": 241435440995.20023, "curr_delta_bcls": 1671335.8969726562, "init_cost_bcls": 241437112331.0972, "delta_cost_bcls": 1671335.8969726562, "min_cost_old": 45844225435.72325, "min_risk_old": 22804804540.20113, "min_len_old": 23039420895.522118, "find_percentage_curr_old": 0.3880208333333333, "mean_find_ratio_curr_old": 1.0000010000783484, "find_percentage_total_old": 0.3880208333333333, "mean_find_ratio_total_old": 1.0000010000783484, "search_advantage": 0.501718600244019, "time_to_find": 11.76249906037919, "find_percentage": 0.1394, "comp_time": 16.088095664978027}