{"min_cost_bcls": 241436668643.55362, "curr_cost_bcls": 241436668643.55362, "curr_delta_bcls": 525809.3846435547, "init_cost_bcls": 241437194452.93826, "delta_cost_bcls": 525809.3846435547, "min_cost_old": 45443734792.72103, "min_risk_old": 22404313897.198914, "min_len_old": 23039420895.522118, "find_percentage_curr_old": 0.3871527777777778, "mean_find_ratio_curr_old": 1.000000966682449, "find_percentage_total_old": 0.3871527777777778, "mean_find_ratio_total_old": 1.000000966682449, "search_advantage": 0.5017185887375977, "time_to_find": 11.696561545966663, "find_percentage": 0.1312, "comp_time": 15.898863554000854}