{"min_cost_bcls": 241436988939.27243, "curr_cost_bcls": 241436988939.27243, "curr_delta_bcls": 158721.97219848633, "init_cost_bcls": 241437147661.24463, "delta_cost_bcls": 158721.97219848633, "min_cost_old": 40526123390.544586, "min_risk_old": 22798381731.103695, "min_len_old": 17727741659.44089, "find_percentage_curr_old": 0.375, "mean_find_ratio_curr_old": 1.000000649391605, "find_percentage_total_old": 0.375, "mean_find_ratio_total_old": 1.000000649391605, "search_advantage": 0.5017184631692868, "time_to_find": 11.307193257032182, "find_percentage": 0.1368, "comp_time": 16.513232707977295}