{"min_cost_bcls": 241211740727.12314, "curr_cost_bcls": 241211740727.12314, "curr_delta_bcls": 10479389.085998535, "init_cost_bcls": 241222220116.20914, "delta_cost_bcls": 10479389.085998535, "min_cost_old": 47655941479.80733, "min_risk_old": 22279311023.18399, "min_len_old": 25376630456.62334, "find_percentage_curr_old": 0.7469618055555556, "mean_find_ratio_curr_old": 1.0000186061860739, "find_percentage_total_old": 0.7469618055555556, "mean_find_ratio_total_old": 1.0000186061860739, "search_advantage": 0.5019254561038955, "time_to_find": 14.36474349084865, "find_percentage": 0.1432, "comp_time": 15.737012147903442}