{"min_cost_bcls": 241212483892.36255, "curr_cost_bcls": 241212483892.36255, "curr_delta_bcls": 9737135.869354248, "init_cost_bcls": 241222221028.2319, "delta_cost_bcls": 9737135.869354248, "min_cost_old": 39830476531.70348, "min_risk_old": 20792894078.66238, "min_len_old": 19037582453.041103, "find_percentage_curr_old": 0.7530381944444444, "mean_find_ratio_curr_old": 1.0000223064371148, "find_percentage_total_old": 0.7530381944444444, "mean_find_ratio_total_old": 1.0000223064371148, "search_advantage": 0.5019286382383139, "time_to_find": 14.99378423672212, "find_percentage": 0.1346, "comp_time": 15.597470045089722}