{"min_cost_bcls": 241210087247.36813, "curr_cost_bcls": 241210087247.36813, "curr_delta_bcls": 12092047.119506836, "init_cost_bcls": 241222179294.48764, "delta_cost_bcls": 12092047.119506836, "min_cost_old": 45758390883.15161, "min_risk_old": 20381760426.528275, "min_len_old": 25376630456.62334, "find_percentage_curr_old": 0.7591145833333334, "mean_find_ratio_curr_old": 1.0000228216354938, "find_percentage_total_old": 0.7591145833333334, "mean_find_ratio_total_old": 1.0000228216354938, "search_advantage": 0.5019255531781222, "time_to_find": 14.852300741339354, "find_percentage": 0.1412, "comp_time": 15.615936279296875}