{"min_cost_bcls": 241211731736.9858, "curr_cost_bcls": 241211731736.9858, "curr_delta_bcls": 10472151.158721924, "init_cost_bcls": 241222203888.14453, "delta_cost_bcls": 10472151.158721924, "min_cost_old": 38434394989.20757, "min_risk_old": 19396825398.111446, "min_len_old": 19037569591.096127, "find_percentage_curr_old": 0.7825520833333334, "mean_find_ratio_curr_old": 1.0000192885388346, "find_percentage_total_old": 0.7825520833333334, "mean_find_ratio_total_old": 1.0000192885388346, "search_advantage": 0.5019261954520066, "time_to_find": 13.905028487714288, "find_percentage": 0.1468, "comp_time": 15.877399206161499}