{"min_cost_bcls": 241210787281.57343, "curr_cost_bcls": 241210787281.57343, "curr_delta_bcls": 11352390.757751465, "init_cost_bcls": 241222139672.33118, "delta_cost_bcls": 11352390.757751465, "min_cost_old": 46453846640.63828, "min_risk_old": 21077216184.014942, "min_len_old": 25376630456.62334, "find_percentage_curr_old": 0.7282986111111112, "mean_find_ratio_curr_old": 1.000020083243609, "find_percentage_total_old": 0.7282986111111112, "mean_find_ratio_total_old": 1.000020083243609, "search_advantage": 0.5019251948933074, "time_to_find": 14.23771535433692, "find_percentage": 0.1396, "comp_time": 15.778598308563232}