{"min_cost_bcls": 247591032502.8925, "curr_cost_bcls": 247591032502.8925, "curr_delta_bcls": 5355457.254241943, "init_cost_bcls": 247596387960.14673, "delta_cost_bcls": 5355457.254241943, "min_cost_old": 60987706843.972374, "min_risk_old": 21890477921.492348, "min_len_old": 39097228922.48003, "find_percentage_curr_old": 0.3181423611111111, "mean_find_ratio_curr_old": 0.999999868555028, "find_percentage_total_old": 0.3181423611111111, "mean_find_ratio_total_old": 0.999999868555028, "search_advantage": 0.5018319791731198, "time_to_find": 9.10583776552864, "find_percentage": 0.2084, "comp_time": 16.034642934799194}