{"min_cost_bcls": 247590273095.0832, "curr_cost_bcls": 247590273095.0832, "curr_delta_bcls": 6229016.220550537, "init_cost_bcls": 247596502111.30374, "delta_cost_bcls": 6229016.220550537, "min_cost_old": 53747342846.16553, "min_risk_old": 24373610309.964443, "min_len_old": 29373732536.201084, "find_percentage_curr_old": 0.3307291666666667, "mean_find_ratio_curr_old": 1.000002351679914, "find_percentage_total_old": 0.3307291666666667, "mean_find_ratio_total_old": 1.000002351679914, "search_advantage": 0.5018334747614575, "time_to_find": 9.211141194501026, "find_percentage": 0.1894, "comp_time": 16.384896993637085}