{"min_cost_bcls": 247590421766.3734, "curr_cost_bcls": 247590421766.3734, "curr_delta_bcls": 5899939.2861328125, "init_cost_bcls": 247596321705.65955, "delta_cost_bcls": 5899939.2861328125, "min_cost_old": 61790855576.184845, "min_risk_old": 22693626653.704823, "min_len_old": 39097228922.48003, "find_percentage_curr_old": 0.3294270833333333, "mean_find_ratio_curr_old": 1.0000002487607478, "find_percentage_total_old": 0.3294270833333333, "mean_find_ratio_total_old": 1.0000002487607478, "search_advantage": 0.5018320696537292, "time_to_find": 8.992491469963383, "find_percentage": 0.1986, "comp_time": 16.060489892959595}