{"min_cost_bcls": 247590437976.77277, "curr_cost_bcls": 247590437976.77277, "curr_delta_bcls": 5950608.589508057, "init_cost_bcls": 247596388585.36227, "delta_cost_bcls": 5950608.589508057, "min_cost_old": 60687466364.97423, "min_risk_old": 21590237442.494198, "min_len_old": 39097228922.48003, "find_percentage_curr_old": 0.3146701388888889, "mean_find_ratio_curr_old": 0.9999988903709597, "find_percentage_total_old": 0.3146701388888889, "mean_find_ratio_total_old": 0.9999988903709597, "search_advantage": 0.5018314238909743, "time_to_find": 8.919217885739828, "find_percentage": 0.198, "comp_time": 16.1058349609375}