{"min_cost_bcls": 247591907760.07736, "curr_cost_bcls": 247591907760.07736, "curr_delta_bcls": 4626631.9554748535, "init_cost_bcls": 247596534392.03284, "delta_cost_bcls": 4626631.9554748535, "min_cost_old": 61589134900.001595, "min_risk_old": 22491905977.52157, "min_len_old": 39097228922.48003, "find_percentage_curr_old": 0.3493923611111111, "mean_find_ratio_curr_old": 1.0000009971000636, "find_percentage_total_old": 0.3493923611111111, "mean_find_ratio_total_old": 1.0000009971000636, "search_advantage": 0.5018326595302219, "time_to_find": 9.05471958270386, "find_percentage": 0.1962, "comp_time": 16.239259004592896}