{"min_cost_bcls": NaN, "curr_cost_bcls": NaN, "curr_delta_bcls": NaN, "init_cost_bcls": NaN, "delta_cost_bcls": NaN, "min_cost_old": 21501019673.15689, "min_risk_old": 20367239297.576572, "min_len_old": 1133780375.5803204, "find_percentage_curr_old": 0.0, "mean_find_ratio_curr_old": NaN, "find_percentage_total_old": 0.7951388888888888, "mean_find_ratio_total_old": 1.0001099298260538, "search_advantage": 0.5022431668251789, "time_to_find": 9.531578029027362, "find_percentage": 0.1006, "comp_time": 61.88880634307861}