{"min_cost_bcls": NaN, "curr_cost_bcls": NaN, "curr_delta_bcls": NaN, "init_cost_bcls": NaN, "delta_cost_bcls": NaN, "min_cost_old": 21003764524.164467, "min_risk_old": 20773303031.456364, "min_len_old": 230461492.70810238, "find_percentage_curr_old": 0.0, "mean_find_ratio_curr_old": NaN, "find_percentage_total_old": 0.6879340277777778, "mean_find_ratio_total_old": 1.0000666975490604, "search_advantage": 0.5018167834302629, "time_to_find": 13.738272434795789, "find_percentage": 0.0886, "comp_time": 53.19802212715149}