{"min_cost_bcls": NaN, "curr_cost_bcls": NaN, "curr_delta_bcls": NaN, "init_cost_bcls": NaN, "delta_cost_bcls": NaN, "min_cost_old": 20881809105.234524, "min_risk_old": 20788023104.63402, "min_len_old": 93786000.60050227, "find_percentage_curr_old": 0.0, "mean_find_ratio_curr_old": NaN, "find_percentage_total_old": 0.8328993055555556, "mean_find_ratio_total_old": 1.0001008251608168, "search_advantage": 0.5018083030907865, "time_to_find": 12.460864290361007, "find_percentage": 0.09, "comp_time": 48.85952138900757}