{"min_cost_bcls": NaN, "curr_cost_bcls": NaN, "curr_delta_bcls": NaN, "init_cost_bcls": NaN, "delta_cost_bcls": NaN, "min_cost_old": 23442287470.012486, "min_risk_old": 21272962353.973854, "min_len_old": 2169325116.038633, "find_percentage_curr_old": 0.0, "mean_find_ratio_curr_old": NaN, "find_percentage_total_old": 0.7842881944444444, "mean_find_ratio_total_old": 1.0000407793263715, "search_advantage": 0.5018071865815822, "time_to_find": 11.126422835466682, "find_percentage": 0.0902, "comp_time": 42.766016721725464}