{"min_cost_bcls": NaN, "curr_cost_bcls": NaN, "curr_delta_bcls": NaN, "init_cost_bcls": NaN, "delta_cost_bcls": NaN, "min_cost_old": 21560037057.560276, "min_risk_old": 21371457177.69714, "min_len_old": 188579879.8631372, "find_percentage_curr_old": 0.0, "mean_find_ratio_curr_old": NaN, "find_percentage_total_old": 0.7803819444444444, "mean_find_ratio_total_old": 1.000054787565575, "search_advantage": 0.5018308980847506, "time_to_find": 12.355898833745767, "find_percentage": 0.0792, "comp_time": 72.16405010223389}