{"min_cost_bcls": 232843956801.73135, "curr_cost_bcls": 232843956801.73135, "curr_delta_bcls": 2940653.3134155273, "init_cost_bcls": 232846897455.04477, "delta_cost_bcls": 2940653.3134155273, "min_cost_old": 26583983667.34446, "min_risk_old": 21082555423.44409, "min_len_old": 5501428243.900368, "find_percentage_curr_old": 0.6310763888888888, "mean_find_ratio_curr_old": 1.0000047797557086, "find_percentage_total_old": 0.6310763888888888, "mean_find_ratio_total_old": 1.0000047797557086, "search_advantage": 0.501830673737023, "time_to_find": 16.840736986717012, "find_percentage": 0.1128, "comp_time": 15.777859687805176}