{"min_cost_bcls": 232842409682.65393, "curr_cost_bcls": 232842409682.65393, "curr_delta_bcls": 4453754.981933594, "init_cost_bcls": 232846863437.63586, "delta_cost_bcls": 4453754.981933594, "min_cost_old": 31010035620.909355, "min_risk_old": 23768461582.468494, "min_len_old": 7241574038.440863, "find_percentage_curr_old": 0.6202256944444444, "mean_find_ratio_curr_old": 1.0000058791868003, "find_percentage_total_old": 0.6202256944444444, "mean_find_ratio_total_old": 1.0000058791868003, "search_advantage": 0.5018310237075374, "time_to_find": 16.59491788678956, "find_percentage": 0.1062, "comp_time": 16.095253705978394}