{"min_cost_bcls": 232842610210.5322, "curr_cost_bcls": 232842610210.5322, "curr_delta_bcls": 4272614.435424805, "init_cost_bcls": 232846882824.96762, "delta_cost_bcls": 4272614.435424805, "min_cost_old": 29314978912.683174, "min_risk_old": 22073404874.242313, "min_len_old": 7241574038.440863, "find_percentage_curr_old": 0.5950520833333334, "mean_find_ratio_curr_old": 1.0000066297800845, "find_percentage_total_old": 0.5950520833333334, "mean_find_ratio_total_old": 1.0000066297800845, "search_advantage": 0.501831603173335, "time_to_find": 18.11276616074871, "find_percentage": 0.1182, "comp_time": 15.425052165985107}