{"min_cost_bcls": 232842454374.98914, "curr_cost_bcls": 232842454374.98914, "curr_delta_bcls": 4424102.635009766, "init_cost_bcls": 232846878477.62415, "delta_cost_bcls": 4424102.635009766, "min_cost_old": 29127942342.695435, "min_risk_old": 21886368304.254574, "min_len_old": 7241574038.440863, "find_percentage_curr_old": 0.6202256944444444, "mean_find_ratio_curr_old": 1.00000563452853, "find_percentage_total_old": 0.6202256944444444, "mean_find_ratio_total_old": 1.00000563452853, "search_advantage": 0.5018309777458189, "time_to_find": 17.548057802995277, "find_percentage": 0.11, "comp_time": 15.53989315032959}