{"min_cost_bcls": 232842981056.19193, "curr_cost_bcls": 232842981056.19193, "curr_delta_bcls": 3870363.3281555176, "init_cost_bcls": 232846851419.52008, "delta_cost_bcls": 3870363.3281555176, "min_cost_old": 27976289773.261505, "min_risk_old": 22474860133.722183, "min_len_old": 5501429639.53932, "find_percentage_curr_old": 0.4774305555555556, "mean_find_ratio_curr_old": 1.000005051622487, "find_percentage_total_old": 0.4774305555555556, "mean_find_ratio_total_old": 1.000005051622487, "search_advantage": 0.5018310971205326, "time_to_find": 17.404358527457813, "find_percentage": 0.1012, "comp_time": 15.931824684143066}