{"min_cost_bcls": 241503142031.46753, "curr_cost_bcls": 241503142031.46753, "curr_delta_bcls": 997321.9244689941, "init_cost_bcls": 241504139353.392, "delta_cost_bcls": 997321.9244689941, "min_cost_old": 41282453312.64101, "min_risk_old": 21699934807.953217, "min_len_old": 19582518504.687794, "find_percentage_curr_old": 0.28515625, "mean_find_ratio_curr_old": 0.9999994090856615, "find_percentage_total_old": 0.28515625, "mean_find_ratio_total_old": 0.9999994090856615, "search_advantage": 0.5017566516730669, "time_to_find": 15.096318016077745, "find_percentage": 0.1062, "comp_time": 15.975568056106567}