{"min_cost_bcls": 241504445984.95724, "curr_cost_bcls": 241504445984.95724, "curr_delta_bcls": 283563.2984008789, "init_cost_bcls": 241504162421.65884, "delta_cost_bcls": 283563.2984008789, "min_cost_old": 48465045573.6239, "min_risk_old": 22400204016.870804, "min_len_old": 26064841556.7531, "find_percentage_curr_old": 0.2821180555555556, "mean_find_ratio_curr_old": 0.9999988291985011, "find_percentage_total_old": 0.2821180555555556, "mean_find_ratio_total_old": 0.9999988291985011, "search_advantage": 0.5017563518436603, "time_to_find": 14.617430700064961, "find_percentage": 0.091, "comp_time": 16.23279881477356}