{"min_cost_bcls": 241502749969.50912, "curr_cost_bcls": 241502749969.50912, "curr_delta_bcls": 1411549.1671142578, "init_cost_bcls": 241504161518.67624, "delta_cost_bcls": 1411549.1671142578, "min_cost_old": 48354227879.40343, "min_risk_old": 22289386322.650326, "min_len_old": 26064841556.7531, "find_percentage_curr_old": 0.2894965277777778, "mean_find_ratio_curr_old": 0.999999718622842, "find_percentage_total_old": 0.2894965277777778, "mean_find_ratio_total_old": 0.999999718622842, "search_advantage": 0.5017568719090633, "time_to_find": 15.30380232167366, "find_percentage": 0.09, "comp_time": 15.762559175491333}