{"min_cost_bcls": 241504667446.2896, "curr_cost_bcls": 241504667446.2896, "curr_delta_bcls": 491830.5119628906, "init_cost_bcls": 241504175615.77765, "delta_cost_bcls": 491830.5119628906, "min_cost_old": 43772887332.297005, "min_risk_old": 24190370025.27408, "min_len_old": 19582517307.022926, "find_percentage_curr_old": 0.2808159722222222, "mean_find_ratio_curr_old": 0.9999986802757278, "find_percentage_total_old": 0.2808159722222222, "mean_find_ratio_total_old": 0.9999986802757278, "search_advantage": 0.5017562057590585, "time_to_find": 13.104506910853246, "find_percentage": 0.1072, "comp_time": 15.913288831710815}