{"min_cost_bcls": 241502571773.7124, "curr_cost_bcls": 241502571773.7124, "curr_delta_bcls": 1598568.5377197266, "init_cost_bcls": 241504170342.25012, "delta_cost_bcls": 1598568.5377197266, "min_cost_old": 42871182188.49945, "min_risk_old": 23288657086.759094, "min_len_old": 19582525101.74036, "find_percentage_curr_old": 0.2881944444444444, "mean_find_ratio_curr_old": 0.9999995725708407, "find_percentage_total_old": 0.2881944444444444, "mean_find_ratio_total_old": 0.9999995725708407, "search_advantage": 0.5017567354440418, "time_to_find": 13.170357794853164, "find_percentage": 0.1054, "comp_time": 15.906216144561768}