{"min_cost_bcls": 247545772038.2308, "curr_cost_bcls": 247545772038.2308, "curr_delta_bcls": 16046843.94216919, "init_cost_bcls": 247561818882.17297, "delta_cost_bcls": 16046843.94216919, "min_cost_old": 59920440855.27315, "min_risk_old": 21264573876.822178, "min_len_old": 38655866978.45097, "find_percentage_curr_old": 0.7491319444444444, "mean_find_ratio_curr_old": 1.0000268224090147, "find_percentage_total_old": 0.7491319444444444, "mean_find_ratio_total_old": 1.0000268224090147, "search_advantage": 0.5019872719057957, "time_to_find": 12.391124212479669, "find_percentage": 0.151, "comp_time": 16.001634120941162}