{"min_cost_bcls": 247546349178.878, "curr_cost_bcls": 247546349178.878, "curr_delta_bcls": 15736841.704803467, "init_cost_bcls": 247562086020.5828, "delta_cost_bcls": 15736841.704803467, "min_cost_old": 49517015702.83644, "min_risk_old": 20478778158.029423, "min_len_old": 29038237544.80702, "find_percentage_curr_old": 0.8138020833333334, "mean_find_ratio_curr_old": 1.0000233714250029, "find_percentage_total_old": 0.8138020833333334, "mean_find_ratio_total_old": 1.0000233714250029, "search_advantage": 0.5019841579337847, "time_to_find": 12.387533988363785, "find_percentage": 0.1498, "comp_time": 16.091122150421143}