{"min_cost_bcls": 247545201172.80225, "curr_cost_bcls": 247545201172.80225, "curr_delta_bcls": 16722046.43536377, "init_cost_bcls": 247561923219.2376, "delta_cost_bcls": 16722046.43536377, "min_cost_old": 61520001076.065094, "min_risk_old": 22864134097.614124, "min_len_old": 38655866978.45097, "find_percentage_curr_old": 0.7061631944444444, "mean_find_ratio_curr_old": 1.0000338811323195, "find_percentage_total_old": 0.7061631944444444, "mean_find_ratio_total_old": 1.0000338811323195, "search_advantage": 0.5019859033449681, "time_to_find": 12.335487599193515, "find_percentage": 0.1464, "comp_time": 16.476687908172607}