{"min_cost_bcls": 247544898165.69232, "curr_cost_bcls": 247544898165.69232, "curr_delta_bcls": 17174291.000915527, "init_cost_bcls": 247562072456.69324, "delta_cost_bcls": 17174291.000915527, "min_cost_old": 51809627253.1855, "min_risk_old": 22771279035.204716, "min_len_old": 29038348217.98079, "find_percentage_curr_old": 0.8129340277777778, "mean_find_ratio_curr_old": 1.0000347404834353, "find_percentage_total_old": 0.8129340277777778, "mean_find_ratio_total_old": 1.0000347404834353, "search_advantage": 0.501988327195249, "time_to_find": 13.411372618028436, "find_percentage": 0.1414, "comp_time": 15.819061279296875}