{"min_cost_bcls": 247546668088.985, "curr_cost_bcls": 247546668088.985, "curr_delta_bcls": 15399691.518035889, "init_cost_bcls": 247562067780.50302, "delta_cost_bcls": 15399691.518035889, "min_cost_old": 51104890695.33487, "min_risk_old": 22066624676.24831, "min_len_old": 29038266019.08656, "find_percentage_curr_old": 0.72265625, "mean_find_ratio_curr_old": 1.0000292661974206, "find_percentage_total_old": 0.72265625, "mean_find_ratio_total_old": 1.0000292661974206, "search_advantage": 0.5019865723335966, "time_to_find": 12.901541584913742, "find_percentage": 0.1514, "comp_time": 16.443161964416504}