{"min_cost_bcls": 229154539583.73294, "curr_cost_bcls": 229154539583.73294, "curr_delta_bcls": 3694851.176361084, "init_cost_bcls": 229162920349.85754, "delta_cost_bcls": 8380766.1246032715, "min_cost_old": 20337806236.08297, "min_risk_old": 20279740405.1058, "min_len_old": 58065830.97716992, "find_percentage_curr_old": 0.5881076388888888, "mean_find_ratio_curr_old": 1.0000051934529834, "find_percentage_total_old": 0.4921875, "mean_find_ratio_total_old": 1.0001628106460627, "search_advantage": 0.5021785321814527, "time_to_find": 8.257830718324639, "find_percentage": 0.1684, "comp_time": 89.68268918991089}