{"min_cost_bcls": 229139037063.04742, "curr_cost_bcls": 229132647613.2788, "curr_delta_bcls": 4436999.559692383, "init_cost_bcls": 229126396097.1048, "delta_cost_bcls": 12640965.942626953, "min_cost_old": 20274152114.054146, "min_risk_old": 20189498353.988026, "min_len_old": 84653760.066121, "find_percentage_curr_old": 0.4743923611111111, "mean_find_ratio_curr_old": 1.0000088950707569, "find_percentage_total_old": 0.4526909722222222, "mean_find_ratio_total_old": 1.0001640442754176, "search_advantage": 0.5022046144025287, "time_to_find": 6.9871177345995115, "find_percentage": 0.1724, "comp_time": 72.32566618919373}