{"min_cost_bcls": 229192783917.35397, "curr_cost_bcls": 229168966604.8428, "curr_delta_bcls": 5252226.1123046875, "init_cost_bcls": 229165548452.33002, "delta_cost_bcls": 27235465.0239563, "min_cost_old": 21782749035.85536, "min_risk_old": 21488024507.399353, "min_len_old": 294724528.4560049, "find_percentage_curr_old": 0.5677083333333334, "mean_find_ratio_curr_old": 1.0000095432301175, "find_percentage_total_old": 0.4153645833333333, "mean_find_ratio_total_old": 1.0001428614302013, "search_advantage": 0.5021349142444935, "time_to_find": 7.580622855515021, "find_percentage": 0.1828, "comp_time": 73.6889898777008}