{"min_cost_bcls": 229128739493.96857, "curr_cost_bcls": 229128739493.96857, "curr_delta_bcls": 1210284.0998535156, "init_cost_bcls": 229115942057.03925, "delta_cost_bcls": 12797436.929321289, "min_cost_old": 21718300660.432518, "min_risk_old": 21676798521.11781, "min_len_old": 41502139.314709105, "find_percentage_curr_old": 0.4900173611111111, "mean_find_ratio_curr_old": 1.000002782226472, "find_percentage_total_old": 0.4639756944444444, "mean_find_ratio_total_old": 1.0001446790835438, "search_advantage": 0.5021003675233292, "time_to_find": 8.256811104069564, "find_percentage": 0.164, "comp_time": 60.7441201210022}