{"min_cost_bcls": 229145076881.65277, "curr_cost_bcls": 229154151790.81506, "curr_delta_bcls": 1584811.8973999023, "init_cost_bcls": 229099154647.74896, "delta_cost_bcls": 45922233.903808594, "min_cost_old": 20617911231.73311, "min_risk_old": 20388724070.025093, "min_len_old": 229187161.70801547, "find_percentage_curr_old": 0.5564236111111112, "mean_find_ratio_curr_old": 1.0000069729874879, "find_percentage_total_old": 0.4079861111111111, "mean_find_ratio_total_old": 1.0000605974334582, "search_advantage": 0.502119260928083, "time_to_find": 7.06797535398546, "find_percentage": 0.1772, "comp_time": 79.84498190879822}