{"min_cost_bcls": 235415048968.2058, "curr_cost_bcls": 235415048968.2058, "curr_delta_bcls": 361436.99505615234, "init_cost_bcls": 235415410405.20087, "delta_cost_bcls": 361436.99505615234, "min_cost_old": 33296619082.5828, "min_risk_old": 23505318473.88178, "min_len_old": 9791300608.701025, "find_percentage_curr_old": 0.23567708333333334, "mean_find_ratio_curr_old": 0.9999987435321285, "find_percentage_total_old": 0.23567708333333334, "mean_find_ratio_total_old": 0.9999987435321285, "search_advantage": 0.5016792509973422, "time_to_find": 12.024341544161487, "find_percentage": 0.1302, "comp_time": 16.084248304367065}