{"min_cost_bcls": 235414854585.4813, "curr_cost_bcls": 235414854585.4813, "curr_delta_bcls": 577196.4701843262, "init_cost_bcls": 235415431781.95148, "delta_cost_bcls": 577196.4701843262, "min_cost_old": 33339070292.50125, "min_risk_old": 20306625579.14575, "min_len_old": 13032444713.355501, "find_percentage_curr_old": 0.2282986111111111, "mean_find_ratio_curr_old": 0.999998310601309, "find_percentage_total_old": 0.2282986111111111, "mean_find_ratio_total_old": 0.999998310601309, "search_advantage": 0.501678991311567, "time_to_find": 11.864612372129429, "find_percentage": 0.1222, "comp_time": 15.85889482498169}