{"min_cost_bcls": 235415137034.51602, "curr_cost_bcls": 235415137034.51602, "curr_delta_bcls": 230476.55465698242, "init_cost_bcls": 235415367511.07068, "delta_cost_bcls": 230476.55465698242, "min_cost_old": 31801450572.85133, "min_risk_old": 22010178764.08547, "min_len_old": 9791271808.765862, "find_percentage_curr_old": 0.234375, "mean_find_ratio_curr_old": 0.9999987371548289, "find_percentage_total_old": 0.234375, "mean_find_ratio_total_old": 0.9999987371548289, "search_advantage": 0.5016792318636094, "time_to_find": 11.849334654712804, "find_percentage": 0.1232, "comp_time": 16.011537551879883}