{"min_cost_bcls": 235416215497.88824, "curr_cost_bcls": 235416215497.88824, "curr_delta_bcls": 765860.8678283691, "init_cost_bcls": 235415449637.02042, "delta_cost_bcls": 765860.8678283691, "min_cost_old": 31203821685.69545, "min_risk_old": 21412535242.481407, "min_len_old": 9791286443.214045, "find_percentage_curr_old": 0.2378472222222222, "mean_find_ratio_curr_old": 0.9999987444848628, "find_percentage_total_old": 0.2378472222222222, "mean_find_ratio_total_old": 0.9999987444848628, "search_advantage": 0.5016792392285767, "time_to_find": 12.332239899870213, "find_percentage": 0.132, "comp_time": 15.922279357910156}