{"min_cost_bcls": 235414616584.14563, "curr_cost_bcls": 235414616584.14563, "curr_delta_bcls": 804933.7881774902, "init_cost_bcls": 235415421517.9338, "delta_cost_bcls": 804933.7881774902, "min_cost_old": 32202336961.968277, "min_risk_old": 22411057952.965603, "min_len_old": 9791279009.002674, "find_percentage_curr_old": 0.23350694444444445, "mean_find_ratio_curr_old": 0.9999987350823178, "find_percentage_total_old": 0.23350694444444445, "mean_find_ratio_total_old": 0.9999987350823178, "search_advantage": 0.5016792369511069, "time_to_find": 11.706714874118706, "find_percentage": 0.1406, "comp_time": 15.936440229415894}