{"min_cost_bcls": 233039403814.84515, "curr_cost_bcls": 233039403814.84515, "curr_delta_bcls": 1895422.2006225586, "init_cost_bcls": 233041299237.04578, "delta_cost_bcls": 1895422.2006225586, "min_cost_old": 28190174507.58561, "min_risk_old": 22688794988.047367, "min_len_old": 5501379519.538241, "find_percentage_curr_old": 0.4162326388888889, "mean_find_ratio_curr_old": 1.0000032543525395, "find_percentage_total_old": 0.4162326388888889, "mean_find_ratio_total_old": 1.0000032543525395, "search_advantage": 0.5016419344494722, "time_to_find": 15.454395912370288, "find_percentage": 0.0498, "comp_time": 15.44615626335144}