{"min_cost_bcls": 233039960690.49127, "curr_cost_bcls": 233039960690.49127, "curr_delta_bcls": 1382099.5615844727, "init_cost_bcls": 233041342790.05286, "delta_cost_bcls": 1382099.5615844727, "min_cost_old": 28539441741.502426, "min_risk_old": 21297843815.24196, "min_len_old": 7241597926.260466, "find_percentage_curr_old": 0.5611979166666666, "mean_find_ratio_curr_old": 1.0000027944667766, "find_percentage_total_old": 0.5611979166666666, "mean_find_ratio_total_old": 1.0000027944667766, "search_advantage": 0.5016431994278431, "time_to_find": 14.831396072445582, "find_percentage": 0.0528, "comp_time": 15.44223141670227}