{"min_cost_bcls": 233039452637.67496, "curr_cost_bcls": 233039452637.67496, "curr_delta_bcls": 1855918.9544067383, "init_cost_bcls": 233041308556.62936, "delta_cost_bcls": 1855918.9544067383, "min_cost_old": 28112777083.817127, "min_risk_old": 22611383179.945988, "min_len_old": 5501393903.871139, "find_percentage_curr_old": 0.4153645833333333, "mean_find_ratio_curr_old": 1.0000031263923752, "find_percentage_total_old": 0.4153645833333333, "mean_find_ratio_total_old": 1.0000031263923752, "search_advantage": 0.5016419121505862, "time_to_find": 15.413808120863076, "find_percentage": 0.0552, "comp_time": 17.195332050323486}