{"min_cost_bcls": 233039386306.78772, "curr_cost_bcls": 233039386306.78772, "curr_delta_bcls": 1895422.2014160156, "init_cost_bcls": 233041281728.98914, "delta_cost_bcls": 1895422.2014160156, "min_cost_old": 27796482721.31761, "min_risk_old": 22295103201.76102, "min_len_old": 5501379519.556592, "find_percentage_curr_old": 0.4162326388888889, "mean_find_ratio_curr_old": 1.0000032543525401, "find_percentage_total_old": 0.4162326388888889, "mean_find_ratio_total_old": 1.0000032543525401, "search_advantage": 0.5016419344494721, "time_to_find": 17.232149918416187, "find_percentage": 0.0584, "comp_time": 15.674503087997437}