{"min_cost_bcls": 233039403502.49414, "curr_cost_bcls": 233039403502.49414, "curr_delta_bcls": 1895422.2011413574, "init_cost_bcls": 233041298924.69528, "delta_cost_bcls": 1895422.2011413574, "min_cost_old": 27409762206.298603, "min_risk_old": 21908382686.790176, "min_len_old": 5501379519.508428, "find_percentage_curr_old": 0.4162326388888889, "mean_find_ratio_curr_old": 1.0000032543525395, "find_percentage_total_old": 0.4162326388888889, "mean_find_ratio_total_old": 1.0000032543525395, "search_advantage": 0.5016419344494722, "time_to_find": 16.239075562861547, "find_percentage": 0.0564, "comp_time": 15.06307864189148}