{"min_cost_bcls": 241609700725.88004, "curr_cost_bcls": 241609700725.88004, "curr_delta_bcls": 236487.31838989258, "init_cost_bcls": 241609464238.56165, "delta_cost_bcls": 236487.31838989258, "min_cost_old": 43185145361.70081, "min_risk_old": 23602613580.836533, "min_len_old": 19582531780.86428, "find_percentage_curr_old": 0.2947048611111111, "mean_find_ratio_curr_old": 0.9999987198124539, "find_percentage_total_old": 0.2947048611111111, "mean_find_ratio_total_old": 0.9999987198124539, "search_advantage": 0.5016334995746314, "time_to_find": 11.654298707001232, "find_percentage": 0.0548, "comp_time": 15.458451986312866}