{"min_cost_bcls": 241607486036.70227, "curr_cost_bcls": 241607486036.70227, "curr_delta_bcls": 2013463.2008361816, "init_cost_bcls": 241609499499.9031, "delta_cost_bcls": 2013463.2008361816, "min_cost_old": 46181061400.178696, "min_risk_old": 20116219843.425594, "min_len_old": 26064841556.7531, "find_percentage_curr_old": 0.3038194444444444, "mean_find_ratio_curr_old": 0.9999990770613678, "find_percentage_total_old": 0.3038194444444444, "mean_find_ratio_total_old": 0.9999990770613678, "search_advantage": 0.5016337295871458, "time_to_find": 16.324962011407415, "find_percentage": 0.031, "comp_time": 15.072640895843506}