{"min_cost_bcls": 241609493878.03568, "curr_cost_bcls": 241609493878.03568, "curr_delta_bcls": 114032.97763061523, "init_cost_bcls": 241609379845.05804, "delta_cost_bcls": 114032.97763061523, "min_cost_old": 49657387063.72803, "min_risk_old": 23592545506.97493, "min_len_old": 26064841556.7531, "find_percentage_curr_old": 0.2925347222222222, "mean_find_ratio_curr_old": 0.9999989104034211, "find_percentage_total_old": 0.2925347222222222, "mean_find_ratio_total_old": 0.9999989104034211, "search_advantage": 0.5016336702556581, "time_to_find": 15.679501552628452, "find_percentage": 0.0304, "comp_time": 15.686142683029175}