{"min_cost_bcls": 241608107790.6059, "curr_cost_bcls": 241608107790.6059, "curr_delta_bcls": 1292679.393737793, "init_cost_bcls": 241609400469.99963, "delta_cost_bcls": 1292679.393737793, "min_cost_old": 42481351328.0072, "min_risk_old": 22898833231.14006, "min_len_old": 19582518096.867138, "find_percentage_curr_old": 0.2864583333333333, "mean_find_ratio_curr_old": 0.9999992428865944, "find_percentage_total_old": 0.2864583333333333, "mean_find_ratio_total_old": 0.9999992428865944, "search_advantage": 0.5016338815725714, "time_to_find": 11.05787915296332, "find_percentage": 0.0538, "comp_time": 15.097548007965088}