{"min_cost_bcls": 241609312855.91995, "curr_cost_bcls": 241609312855.91995, "curr_delta_bcls": 265177.8960571289, "init_cost_bcls": 241609578033.816, "delta_cost_bcls": 265177.8960571289, "min_cost_old": 47075956182.113335, "min_risk_old": 21011114625.360233, "min_len_old": 26064841556.7531, "find_percentage_curr_old": 0.2899305555555556, "mean_find_ratio_curr_old": 0.9999983322468492, "find_percentage_total_old": 0.2899305555555556, "mean_find_ratio_total_old": 0.9999983322468492, "search_advantage": 0.5016333639536388, "time_to_find": 15.972913621206152, "find_percentage": 0.0292, "comp_time": 15.641210317611694}