{"min_cost_bcls": 229156280444.38257, "curr_cost_bcls": 229142963523.435, "curr_delta_bcls": 904478.8844299316, "init_cost_bcls": 229157957046.41486, "delta_cost_bcls": 1676602.0322875977, "min_cost_old": 20749373971.25789, "min_risk_old": 20515385743.49926, "min_len_old": 233988227.75862947, "find_percentage_curr_old": 0.4696180555555556, "mean_find_ratio_curr_old": 1.0000012378772185, "find_percentage_total_old": 0.6848958333333334, "mean_find_ratio_total_old": 1.0000125292062232, "search_advantage": 0.5018956016817391, "time_to_find": 7.393083489185723, "find_percentage": 0.0812, "comp_time": 45.59316325187683}