{"min_cost_bcls": 229362787946.246, "curr_cost_bcls": 229358895707.89737, "curr_delta_bcls": 1212263.9987792969, "init_cost_bcls": 229363010454.74857, "delta_cost_bcls": 222508.50256347656, "min_cost_old": 21345614328.104362, "min_risk_old": 21318549508.656925, "min_len_old": 27064819.447438296, "find_percentage_curr_old": 0.4986979166666667, "mean_find_ratio_curr_old": 1.0000012412215709, "find_percentage_total_old": 0.6006944444444444, "mean_find_ratio_total_old": 1.0000156200368007, "search_advantage": 0.5016265285092963, "time_to_find": 8.718818510545868, "find_percentage": 0.0582, "comp_time": 37.0146210193634}