{"min_cost_bcls": 229384787757.11523, "curr_cost_bcls": 229381149104.85275, "curr_delta_bcls": 2045394.1506652832, "init_cost_bcls": 229386950525.4257, "delta_cost_bcls": 2162768.3104553223, "min_cost_old": 20327021303.662453, "min_risk_old": 20220653122.05021, "min_len_old": 106368181.61224271, "find_percentage_curr_old": 0.4921875, "mean_find_ratio_curr_old": 1.00000280136449, "find_percentage_total_old": 0.4722222222222222, "mean_find_ratio_total_old": 1.0000374298823194, "search_advantage": 0.5016496696602613, "time_to_find": 8.840216967664277, "find_percentage": 0.0566, "comp_time": 37.54830074310303}