{"min_cost_bcls": 229390968926.22607, "curr_cost_bcls": 229380611313.67508, "curr_delta_bcls": 1266250.866607666, "init_cost_bcls": 229393741869.11472, "delta_cost_bcls": 2772942.8886413574, "min_cost_old": 20725774697.33305, "min_risk_old": 20632898881.863155, "min_len_old": 92875815.46989568, "find_percentage_curr_old": 0.5538194444444444, "mean_find_ratio_curr_old": 1.0000004586098272, "find_percentage_total_old": 0.2608506944444444, "mean_find_ratio_total_old": 1.0000317086674317, "search_advantage": 0.501630873433125, "time_to_find": 9.405887148929114, "find_percentage": 0.0516, "comp_time": 40.281556606292725}