{"min_cost_bcls": 229382865511.0756, "curr_cost_bcls": 229382542546.43008, "curr_delta_bcls": 219954.4844970703, "init_cost_bcls": 229388089256.7585, "delta_cost_bcls": 5223745.682922363, "min_cost_old": 20222545385.959736, "min_risk_old": 20115496206.66301, "min_len_old": 107049179.29672533, "find_percentage_curr_old": 0.5151909722222222, "mean_find_ratio_curr_old": 1.0000001502658522, "find_percentage_total_old": 0.5425347222222222, "mean_find_ratio_total_old": 1.0000298783018315, "search_advantage": 0.50163914293839, "time_to_find": 10.399279064608288, "find_percentage": 0.0486, "comp_time": 34.11528944969177}