{"min_cost_bcls": 229263711604.3594, "curr_cost_bcls": 229264312975.52634, "curr_delta_bcls": 601371.1669311523, "init_cost_bcls": 229272333246.59775, "delta_cost_bcls": 8621642.238342285, "min_cost_old": 19556371378.163067, "min_risk_old": 19516105530.47747, "min_len_old": 40265847.68559551, "find_percentage_curr_old": 0.5325520833333334, "mean_find_ratio_curr_old": 0.999998222735642, "find_percentage_total_old": 0.4539930555555556, "mean_find_ratio_total_old": 1.0000295953824327, "search_advantage": 0.5017699698376927, "time_to_find": 11.86133044461707, "find_percentage": 0.1144, "comp_time": 31.812790632247925}