{"min_cost_bcls": 229286999476.4043, "curr_cost_bcls": 229283270278.2823, "curr_delta_bcls": 496333.0227050781, "init_cost_bcls": 229292971249.79126, "delta_cost_bcls": 5971773.386962891, "min_cost_old": 19976246040.19859, "min_risk_old": 19114467378.24774, "min_len_old": 861778661.950849, "find_percentage_curr_old": 0.78515625, "mean_find_ratio_curr_old": 1.000002189131785, "find_percentage_total_old": 0.3828125, "mean_find_ratio_total_old": 1.000006322848684, "search_advantage": 0.501677925583579, "time_to_find": 10.884472204192193, "find_percentage": 0.135, "comp_time": 31.61059546470642}