{"min_cost_bcls": 229265693982.83197, "curr_cost_bcls": 229252300656.12054, "curr_delta_bcls": 236608.21923828125, "init_cost_bcls": 229268899938.42554, "delta_cost_bcls": 3205955.5935668945, "min_cost_old": 19047427713.235344, "min_risk_old": 19023168123.834484, "min_len_old": 24259589.400860064, "find_percentage_curr_old": 0.5308159722222222, "mean_find_ratio_curr_old": 1.0000002433559667, "find_percentage_total_old": 0.4244791666666667, "mean_find_ratio_total_old": 1.0000330903906882, "search_advantage": 0.501758489117004, "time_to_find": 13.15586134704901, "find_percentage": 0.1168, "comp_time": 41.53478384017944}