{"min_cost_bcls": 229281792522.9205, "curr_cost_bcls": 229279978824.75714, "curr_delta_bcls": 721206.9364318848, "init_cost_bcls": 229284693210.04065, "delta_cost_bcls": 2900687.120147705, "min_cost_old": 20180713011.768764, "min_risk_old": 20106230696.38232, "min_len_old": 74482315.38644281, "find_percentage_curr_old": 0.5581597222222222, "mean_find_ratio_curr_old": 1.0000018921482914, "find_percentage_total_old": 0.53515625, "mean_find_ratio_total_old": 1.0000207553725713, "search_advantage": 0.5017497310805589, "time_to_find": 10.620047126134397, "find_percentage": 0.1216, "comp_time": 30.02591109275818}