{"min_cost_bcls": 228944309390.57208, "curr_cost_bcls": 228943588498.65878, "curr_delta_bcls": 1011399.3524780273, "init_cost_bcls": 228931261800.8894, "delta_cost_bcls": 13047589.682678223, "min_cost_old": 19906300503.34646, "min_risk_old": 19678219355.08895, "min_len_old": 228081148.25750697, "find_percentage_curr_old": 0.4930555555555556, "mean_find_ratio_curr_old": 1.0000022304902676, "find_percentage_total_old": 0.3454861111111111, "mean_find_ratio_total_old": 1.0000591444912315, "search_advantage": 0.502177356848722, "time_to_find": 8.922293275776445, "find_percentage": 0.1578, "comp_time": 38.37900161743164}