{"min_cost_bcls": 229265825668.11227, "curr_cost_bcls": 229265227448.4127, "curr_delta_bcls": 984391.8589477539, "init_cost_bcls": 229264327411.4806, "delta_cost_bcls": 1498256.6316833496, "min_cost_old": 20337940336.948097, "min_risk_old": 20305548390.79004, "min_len_old": 32391946.158059396, "find_percentage_curr_old": 0.4913194444444444, "mean_find_ratio_curr_old": 1.000000960302967, "find_percentage_total_old": 0.4157986111111111, "mean_find_ratio_total_old": 1.000028270117711, "search_advantage": 0.5017500182666299, "time_to_find": 11.201155873123847, "find_percentage": 0.1218, "comp_time": 50.92735767364502}