{"min_cost_bcls": 229271594320.5368, "curr_cost_bcls": 229257317495.11404, "curr_delta_bcls": 995786.3151550293, "init_cost_bcls": 229271452930.7561, "delta_cost_bcls": 141389.7807006836, "min_cost_old": 18667042564.625492, "min_risk_old": 18610281329.835983, "min_len_old": 56761234.789509185, "find_percentage_curr_old": 0.4661458333333333, "mean_find_ratio_curr_old": 1.000000548399087, "find_percentage_total_old": 0.3932291666666667, "mean_find_ratio_total_old": 1.0000326942208513, "search_advantage": 0.5017631275839247, "time_to_find": 12.422633464165653, "find_percentage": 0.1166, "comp_time": 94.31981301307678}