{"min_cost_bcls": 229270288843.74884, "curr_cost_bcls": 229270635765.7965, "curr_delta_bcls": 489420.4000854492, "init_cost_bcls": 229274270905.19626, "delta_cost_bcls": 3982061.447418213, "min_cost_old": 20036161395.441624, "min_risk_old": 20002945289.34165, "min_len_old": 33216106.099977113, "find_percentage_curr_old": 0.5768229166666666, "mean_find_ratio_curr_old": 1.0000005376128192, "find_percentage_total_old": 0.4904513888888889, "mean_find_ratio_total_old": 1.0000344757051485, "search_advantage": 0.501765260062634, "time_to_find": 12.119522066284109, "find_percentage": 0.1142, "comp_time": 38.92126393318176}