{"min_cost_bcls": 229257723966.0073, "curr_cost_bcls": 229257723966.0073, "curr_delta_bcls": 942491.3659057617, "init_cost_bcls": 229270551647.24496, "delta_cost_bcls": 12827681.237670898, "min_cost_old": 19234040149.73286, "min_risk_old": 19221831283.90231, "min_len_old": 12208865.830552932, "find_percentage_curr_old": 0.5217013888888888, "mean_find_ratio_curr_old": 1.0000006898390543, "find_percentage_total_old": 0.4657118055555556, "mean_find_ratio_total_old": 1.0000379898699203, "search_advantage": 0.5017710457576365, "time_to_find": 12.344961457708832, "find_percentage": 0.1188, "comp_time": 47.58098101615906}