{"min_cost_bcls": 229274934123.76566, "curr_cost_bcls": 229271253362.70157, "curr_delta_bcls": 486548.78231811523, "init_cost_bcls": 229287511539.40375, "delta_cost_bcls": 12577415.638092041, "min_cost_old": 21106946341.497337, "min_risk_old": 21002050524.88028, "min_len_old": 104895816.6170583, "find_percentage_curr_old": 0.6605902777777778, "mean_find_ratio_curr_old": 1.0000009207497806, "find_percentage_total_old": 0.6119791666666666, "mean_find_ratio_total_old": 1.0000392455368399, "search_advantage": 0.5017708104074353, "time_to_find": 12.050791474849769, "find_percentage": 0.1104, "comp_time": 48.985071420669556}