{"min_cost_bcls": 229270240301.49347, "curr_cost_bcls": 229268109909.1155, "curr_delta_bcls": 842951.4469604492, "init_cost_bcls": 229282761336.76245, "delta_cost_bcls": 12521035.268981934, "min_cost_old": 19919472400.173946, "min_risk_old": 19813845232.65654, "min_len_old": 105627167.51740591, "find_percentage_curr_old": 0.4908854166666667, "mean_find_ratio_curr_old": 1.000000858821268, "find_percentage_total_old": 0.3658854166666667, "mean_find_ratio_total_old": 1.000042728377446, "search_advantage": 0.5017848743712928, "time_to_find": 12.508396176904801, "find_percentage": 0.1112, "comp_time": 49.84462785720825}