{"min_cost_bcls": 229289418796.6632, "curr_cost_bcls": 229271737333.84262, "curr_delta_bcls": 1999650.9515075684, "init_cost_bcls": 229281085855.02863, "delta_cost_bcls": 8332941.6345825195, "min_cost_old": 20066094268.21501, "min_risk_old": 20011900848.056835, "min_len_old": 54193420.15817755, "find_percentage_curr_old": 0.3923611111111111, "mean_find_ratio_curr_old": 1.0000019475342161, "find_percentage_total_old": 0.2799479166666667, "mean_find_ratio_total_old": 1.0000411793272983, "search_advantage": 0.5017786196612735, "time_to_find": 10.364401446293861, "find_percentage": 0.1168, "comp_time": 40.47425174713135}