{"min_cost_bcls": 229267631438.0525, "curr_cost_bcls": 229267882195.99622, "curr_delta_bcls": 479382.49185180664, "init_cost_bcls": 229264477113.99985, "delta_cost_bcls": 3154324.0526428223, "min_cost_old": 20653359031.800137, "min_risk_old": 20617366004.457428, "min_len_old": 35993027.34270997, "find_percentage_curr_old": 0.6657986111111112, "mean_find_ratio_curr_old": 1.0000018200444236, "find_percentage_total_old": 0.4500868055555556, "mean_find_ratio_total_old": 1.0000064894908514, "search_advantage": 0.5016676922033432, "time_to_find": 10.733873561418505, "find_percentage": 0.135, "comp_time": 44.2371187210083}