{"min_cost_bcls": 242853275580.6048, "curr_cost_bcls": 242853275580.6048, "curr_delta_bcls": 10415457.339477539, "init_cost_bcls": 242863691037.94427, "delta_cost_bcls": 10415457.339477539, "min_cost_old": 44268107589.65866, "min_risk_old": 23390244481.097626, "min_len_old": 20877863108.561035, "find_percentage_curr_old": 0.4609375, "mean_find_ratio_curr_old": 1.0000215786217557, "find_percentage_total_old": 0.4609375, "mean_find_ratio_total_old": 1.0000215786217557, "search_advantage": 0.5017313638161774, "time_to_find": 9.563346044955424, "find_percentage": 0.0908, "comp_time": 15.646167755126953}