{"min_cost_bcls": 242859363869.64008, "curr_cost_bcls": 242859363869.64008, "curr_delta_bcls": 4399650.431732178, "init_cost_bcls": 242863763520.0718, "delta_cost_bcls": 4399650.431732178, "min_cost_old": 41186045347.34082, "min_risk_old": 20308187698.35564, "min_len_old": 20877857648.985184, "find_percentage_curr_old": 0.4986979166666667, "mean_find_ratio_curr_old": 1.000009264824949, "find_percentage_total_old": 0.4986979166666667, "mean_find_ratio_total_old": 1.000009264824949, "search_advantage": 0.5017312154431202, "time_to_find": 10.875420369139006, "find_percentage": 0.0884, "comp_time": 19.51056671142578}