{"min_cost_bcls": 242856232361.271, "curr_cost_bcls": 242856232361.271, "curr_delta_bcls": 7509462.252655029, "init_cost_bcls": 242863741823.52365, "delta_cost_bcls": 7509462.252655029, "min_cost_old": 42267391438.63907, "min_risk_old": 21389577681.83548, "min_len_old": 20877813756.803593, "find_percentage_curr_old": 0.41015625, "mean_find_ratio_curr_old": 1.0000125851451385, "find_percentage_total_old": 0.41015625, "mean_find_ratio_total_old": 1.0000125851451385, "search_advantage": 0.5017297393099588, "time_to_find": 11.074849221392324, "find_percentage": 0.0866, "comp_time": 15.445305824279785}