{"min_cost_bcls": 242860713547.00143, "curr_cost_bcls": 242860713547.00143, "curr_delta_bcls": 3024696.040283203, "init_cost_bcls": 242863738243.04172, "delta_cost_bcls": 3024696.040283203, "min_cost_old": 50048516700.112335, "min_risk_old": 22494635792.985756, "min_len_old": 27553880907.126575, "find_percentage_curr_old": 0.5217013888888888, "mean_find_ratio_curr_old": 1.0000070052230159, "find_percentage_total_old": 0.5217013888888888, "mean_find_ratio_total_old": 1.0000070052230159, "search_advantage": 0.5017408838119788, "time_to_find": 12.412002538044622, "find_percentage": 0.085, "comp_time": 15.817044973373413}