{"min_cost_bcls": 242855464241.29318, "curr_cost_bcls": 242855464241.29318, "curr_delta_bcls": 8340248.011444092, "init_cost_bcls": 242863804489.30463, "delta_cost_bcls": 8340248.011444092, "min_cost_old": 44455217681.62889, "min_risk_old": 23577377754.865673, "min_len_old": 20877839926.763214, "find_percentage_curr_old": 0.4314236111111111, "mean_find_ratio_curr_old": 1.000018994820969, "find_percentage_total_old": 0.4314236111111111, "mean_find_ratio_total_old": 1.000018994820969, "search_advantage": 0.501730830213069, "time_to_find": 10.563516797774081, "find_percentage": 0.083, "comp_time": 15.152725219726562}