{"min_cost_bcls": 229375609607.7005, "curr_cost_bcls": 229374095634.8659, "curr_delta_bcls": 1513972.8345947266, "init_cost_bcls": 229394557870.39978, "delta_cost_bcls": 18948262.699279785, "min_cost_old": 20432161366.673157, "min_risk_old": 20396870606.824024, "min_len_old": 35290759.84913173, "find_percentage_curr_old": 0.7743055555555556, "mean_find_ratio_curr_old": 1.0000011206455572, "find_percentage_total_old": 0.8289930555555556, "mean_find_ratio_total_old": 1.000061425767388, "search_advantage": 0.5016960579057576, "time_to_find": 18.7152670742316, "find_percentage": 0.0592, "comp_time": 42.24322152137756}