{"min_cost_bcls": 229380450957.76944, "curr_cost_bcls": 229381216457.88156, "curr_delta_bcls": 61719.6962890625, "init_cost_bcls": 229411561098.99603, "delta_cost_bcls": 31110141.226593018, "min_cost_old": 19736989468.52655, "min_risk_old": 19606955532.982853, "min_len_old": 130033935.5436957, "find_percentage_curr_old": 0.6935763888888888, "mean_find_ratio_curr_old": 1.0000012899523396, "find_percentage_total_old": 0.8294270833333334, "mean_find_ratio_total_old": 1.0000695016091072, "search_advantage": 0.5017139392554278, "time_to_find": 16.489386761257986, "find_percentage": 0.067, "comp_time": 37.48277020454407}