{"min_cost_bcls": 229388552405.5924, "curr_cost_bcls": 229393926535.74103, "curr_delta_bcls": 139979.60061645508, "init_cost_bcls": 229415584632.19223, "delta_cost_bcls": 27032226.599822998, "min_cost_old": 20564662130.72179, "min_risk_old": 20489917104.106426, "min_len_old": 74745026.61536445, "find_percentage_curr_old": 0.6419270833333334, "mean_find_ratio_curr_old": 1.0000004306567136, "find_percentage_total_old": 0.8272569444444444, "mean_find_ratio_total_old": 1.0001140430190238, "search_advantage": 0.501748203080332, "time_to_find": 17.308990375474252, "find_percentage": 0.061, "comp_time": 38.7901349067688}