{"min_cost_bcls": 229101976630.47354, "curr_cost_bcls": 229098665509.83295, "curr_delta_bcls": 3311120.6405944824, "init_cost_bcls": 229167241599.0901, "delta_cost_bcls": 65264968.61654663, "min_cost_old": 21236602612.14671, "min_risk_old": 21162760614.129303, "min_len_old": 73841998.01740476, "find_percentage_curr_old": 0.7651909722222222, "mean_find_ratio_curr_old": 1.000008150789531, "find_percentage_total_old": 0.8229166666666666, "mean_find_ratio_total_old": 1.000228469836015, "search_advantage": 0.5021078810524693, "time_to_find": 17.012866148540237, "find_percentage": 0.0666, "comp_time": 42.30013298988342}