{"min_cost_bcls": 229398617258.65903, "curr_cost_bcls": 229380517848.3457, "curr_delta_bcls": 132285.59893798828, "init_cost_bcls": 229397817095.56082, "delta_cost_bcls": 800163.0982055664, "min_cost_old": 20432663679.98211, "min_risk_old": 20415269929.028877, "min_len_old": 17393750.9532327, "find_percentage_curr_old": 0.7313368055555556, "mean_find_ratio_curr_old": 1.0000017161958448, "find_percentage_total_old": 0.8151041666666666, "mean_find_ratio_total_old": 1.000048804780855, "search_advantage": 0.5016957113569946, "time_to_find": 17.263359070188677, "find_percentage": 0.0648, "comp_time": 34.636088371276855}