{"min_cost_bcls": 229258783489.76523, "curr_cost_bcls": 229251369619.58017, "curr_delta_bcls": 6069679.278656006, "init_cost_bcls": 229298567232.4666, "delta_cost_bcls": 39783742.7013855, "min_cost_old": 19078294283.09929, "min_risk_old": 18809514599.39419, "min_len_old": 268779683.70509744, "find_percentage_curr_old": 0.5551215277777778, "mean_find_ratio_curr_old": 1.0000040352778237, "find_percentage_total_old": 0.4249131944444444, "mean_find_ratio_total_old": 1.000165070226456, "search_advantage": 0.5019564971462029, "time_to_find": 5.900380859237878, "find_percentage": 0.0944, "comp_time": 57.551329612731934}