{"min_cost_bcls": 229279745567.08594, "curr_cost_bcls": 229219546979.499, "curr_delta_bcls": 6992597.877441406, "init_cost_bcls": 229301586826.0183, "delta_cost_bcls": 21841258.932373047, "min_cost_old": 19383373956.97402, "min_risk_old": 19295098184.885742, "min_len_old": 88275772.08827658, "find_percentage_curr_old": 0.5399305555555556, "mean_find_ratio_curr_old": 1.0000010894956284, "find_percentage_total_old": 0.5928819444444444, "mean_find_ratio_total_old": 1.0000670714425057, "search_advantage": 0.501924617934016, "time_to_find": 5.660540575813608, "find_percentage": 0.1194, "comp_time": 42.27943730354309}