{"min_cost_bcls": 229286516882.84073, "curr_cost_bcls": 229255376485.63556, "curr_delta_bcls": 5578258.346923828, "init_cost_bcls": 229268861086.53384, "delta_cost_bcls": 17655796.306884766, "min_cost_old": 20676320011.881733, "min_risk_old": 20506552157.8769, "min_len_old": 169767854.00483224, "find_percentage_curr_old": 0.4830729166666667, "mean_find_ratio_curr_old": 1.0000050169256385, "find_percentage_total_old": 0.4539930555555556, "mean_find_ratio_total_old": 1.0000925214718837, "search_advantage": 0.5019342104150839, "time_to_find": 3.925042597135066, "find_percentage": 0.1126, "comp_time": 51.25990104675293}