{"min_cost_bcls": 229269655100.3738, "curr_cost_bcls": 229270838325.63547, "curr_delta_bcls": 1183225.2616577148, "init_cost_bcls": 229264644255.5382, "delta_cost_bcls": 5010844.835601807, "min_cost_old": 20046601700.314693, "min_risk_old": 19909457636.54453, "min_len_old": 137144063.7701658, "find_percentage_curr_old": 0.5121527777777778, "mean_find_ratio_curr_old": 1.0000033818435916, "find_percentage_total_old": 0.4401041666666667, "mean_find_ratio_total_old": 1.0000538218409942, "search_advantage": 0.5018059293824232, "time_to_find": 4.919785121650395, "find_percentage": 0.12, "comp_time": 69.21480131149292}