{"min_cost_bcls": 229287362522.70966, "curr_cost_bcls": 229294598138.38348, "curr_delta_bcls": 629603.8899841309, "init_cost_bcls": 229302038942.48917, "delta_cost_bcls": 14676419.779510498, "min_cost_old": 19662327967.596886, "min_risk_old": 19504685957.34211, "min_len_old": 157642010.25477493, "find_percentage_curr_old": 0.5386284722222222, "mean_find_ratio_curr_old": 0.9999983012688582, "find_percentage_total_old": 0.3372395833333333, "mean_find_ratio_total_old": 1.0000319128134783, "search_advantage": 0.5019140046997477, "time_to_find": 5.028587755633658, "find_percentage": 0.0986, "comp_time": 50.929874420166016}