{"min_cost_bcls": NaN, "curr_cost_bcls": NaN, "curr_delta_bcls": NaN, "init_cost_bcls": NaN, "delta_cost_bcls": NaN, "min_cost_old": 19983262814.136997, "min_risk_old": 19886203999.46583, "min_len_old": 97058814.6711652, "find_percentage_curr_old": 0.0, "mean_find_ratio_curr_old": NaN, "find_percentage_total_old": 0.8042534722222222, "mean_find_ratio_total_old": 1.0000924651017087, "search_advantage": 0.5019044477596244, "time_to_find": 13.731784985563792, "find_percentage": 0.0862, "comp_time": 58.278441190719604}