{"min_cost_bcls": NaN, "curr_cost_bcls": NaN, "curr_delta_bcls": NaN, "init_cost_bcls": NaN, "delta_cost_bcls": NaN, "min_cost_old": 23361151627.503994, "min_risk_old": 23068198664.4815, "min_len_old": 292952963.0224946, "find_percentage_curr_old": 0.0, "mean_find_ratio_curr_old": NaN, "find_percentage_total_old": 0.7799479166666666, "mean_find_ratio_total_old": 1.0000411249162124, "search_advantage": 0.501851314684567, "time_to_find": 12.050561255553182, "find_percentage": 0.0832, "comp_time": 56.161805868148804}