{"min_cost_bcls": NaN, "curr_cost_bcls": NaN, "curr_delta_bcls": NaN, "init_cost_bcls": NaN, "delta_cost_bcls": NaN, "min_cost_old": 21873041149.798878, "min_risk_old": 21770812045.55277, "min_len_old": 102229104.24610975, "find_percentage_curr_old": 0.0, "mean_find_ratio_curr_old": NaN, "find_percentage_total_old": 0.8068576388888888, "mean_find_ratio_total_old": 1.0000707787685539, "search_advantage": 0.5019086984399199, "time_to_find": 10.559107210109092, "find_percentage": 0.082, "comp_time": 53.977564573287964}