{"min_cost_bcls": NaN, "curr_cost_bcls": NaN, "curr_delta_bcls": NaN, "init_cost_bcls": NaN, "delta_cost_bcls": NaN, "min_cost_old": 25075054131.978264, "min_risk_old": 22363332773.794445, "min_len_old": 2711721358.183819, "find_percentage_curr_old": 0.0, "mean_find_ratio_curr_old": NaN, "find_percentage_total_old": 0.7278645833333334, "mean_find_ratio_total_old": 1.0000304392345458, "search_advantage": 0.5018388454990561, "time_to_find": 10.0686799999251, "find_percentage": 0.0988, "comp_time": 55.2577600479126}