{"min_cost_bcls": NaN, "curr_cost_bcls": NaN, "curr_delta_bcls": NaN, "init_cost_bcls": NaN, "delta_cost_bcls": NaN, "min_cost_old": 21663551037.523525, "min_risk_old": 21366519571.474354, "min_len_old": 297031466.04916984, "find_percentage_curr_old": 0.0, "mean_find_ratio_curr_old": NaN, "find_percentage_total_old": 0.7934027777777778, "mean_find_ratio_total_old": 1.000035647976365, "search_advantage": 0.5018525995164, "time_to_find": 13.685967020957566, "find_percentage": 0.08, "comp_time": 87.53800559043884}