{"min_cost_bcls": 240929521300.03537, "curr_cost_bcls": 240929521300.03537, "curr_delta_bcls": 5334106.201049805, "init_cost_bcls": 240934855406.23642, "delta_cost_bcls": 5334106.201049805, "min_cost_old": 45873189872.119354, "min_risk_old": 23611723858.469852, "min_len_old": 22261466013.649498, "find_percentage_curr_old": 0.3706597222222222, "mean_find_ratio_curr_old": 1.000003622110207, "find_percentage_total_old": 0.3706597222222222, "mean_find_ratio_total_old": 1.000003622110207, "search_advantage": 0.5016076823293318, "time_to_find": 8.693599889458607, "find_percentage": 0.0582, "comp_time": 15.194594621658325}