{"min_cost_bcls": 240929949509.607, "curr_cost_bcls": 240929949509.607, "curr_delta_bcls": 4974279.268859863, "init_cost_bcls": 240934923788.87585, "delta_cost_bcls": 4974279.268859863, "min_cost_old": 46861814750.17311, "min_risk_old": 24600348736.52361, "min_len_old": 22261466013.649498, "find_percentage_curr_old": 0.3719618055555556, "mean_find_ratio_curr_old": 1.0000037679511924, "find_percentage_total_old": 0.3719618055555556, "mean_find_ratio_total_old": 1.0000037679511924, "search_advantage": 0.5016077636926908, "time_to_find": 8.320526419705393, "find_percentage": 0.0514, "comp_time": 15.537620306015015}