{"min_cost_bcls": 240930217751.4135, "curr_cost_bcls": 240930217751.4135, "curr_delta_bcls": 4780318.740905762, "init_cost_bcls": 240934998070.15442, "delta_cost_bcls": 4780318.740905762, "min_cost_old": 41003148748.308075, "min_risk_old": 23996488621.247234, "min_len_old": 17006660127.060837, "find_percentage_curr_old": 0.3723958333333333, "mean_find_ratio_curr_old": 1.0000038152765218, "find_percentage_total_old": 0.3723958333333333, "mean_find_ratio_total_old": 1.0000038152765218, "search_advantage": 0.5016077888338316, "time_to_find": 9.199601874497253, "find_percentage": 0.0536, "comp_time": 15.516031265258789}