{"min_cost_bcls": 240930043273.0899, "curr_cost_bcls": 240930043273.0899, "curr_delta_bcls": 4957226.125701904, "init_cost_bcls": 240935000499.2156, "delta_cost_bcls": 4957226.125701904, "min_cost_old": 43879897012.84822, "min_risk_old": 21618430999.198727, "min_len_old": 22261466013.649498, "find_percentage_curr_old": 0.37109375, "mean_find_ratio_curr_old": 1.0000037415902647, "find_percentage_total_old": 0.37109375, "mean_find_ratio_total_old": 1.0000037415902647, "search_advantage": 0.5016077448499261, "time_to_find": 7.227515012121532, "find_percentage": 0.0488, "comp_time": 15.899930477142334}