{"min_cost_bcls": 240930372776.18826, "curr_cost_bcls": 240930372776.18826, "curr_delta_bcls": 4785162.963653564, "init_cost_bcls": 240935157939.15192, "delta_cost_bcls": 4785162.963653564, "min_cost_old": 44373720207.11624, "min_risk_old": 22112254193.466747, "min_len_old": 22261466013.649498, "find_percentage_curr_old": 0.3719618055555556, "mean_find_ratio_curr_old": 1.0000038153903856, "find_percentage_total_old": 0.3719618055555556, "mean_find_ratio_total_old": 1.0000038153903856, "search_advantage": 0.5016077892523529, "time_to_find": 7.564576509677642, "find_percentage": 0.0522, "comp_time": 16.084470510482788}