{"min_cost_bcls": 258706799334.3681, "curr_cost_bcls": 258706799334.3681, "curr_delta_bcls": 0.0, "init_cost_bcls": 258706799334.3681, "delta_cost_bcls": 0.0, "min_cost_old": 62173767422.82738, "min_risk_old": 23079206271.09529, "min_len_old": 39094561151.732086, "find_percentage_curr_old": 1.0, "mean_find_ratio_curr_old": 1.0, "find_percentage_total_old": 1.0, "mean_find_ratio_total_old": 1.0, "search_advantage": 0.5018010041828147, "time_to_find": 9.68822044892273, "find_percentage": 0.1676, "comp_time": 16.77784752845764}