{"min_cost_bcls": 258706778073.58524, "curr_cost_bcls": 258706778073.58524, "curr_delta_bcls": 0.0, "init_cost_bcls": 258706778073.58524, "delta_cost_bcls": 0.0, "min_cost_old": 62973500861.40207, "min_risk_old": 23878939709.669987, "min_len_old": 39094561151.732086, "find_percentage_curr_old": 1.0, "mean_find_ratio_curr_old": 1.0, "find_percentage_total_old": 1.0, "mean_find_ratio_total_old": 1.0, "search_advantage": 0.5018010041828147, "time_to_find": 9.77205041633625, "find_percentage": 0.1612, "comp_time": 16.474012851715088}