{"min_cost_bcls": 258706795175.14996, "curr_cost_bcls": 258706795175.14996, "curr_delta_bcls": 0.0, "init_cost_bcls": 258706795175.14996, "delta_cost_bcls": 0.0, "min_cost_old": 61284572736.13138, "min_risk_old": 22190011584.39929, "min_len_old": 39094561151.732086, "find_percentage_curr_old": 1.0, "mean_find_ratio_curr_old": 1.0, "find_percentage_total_old": 1.0, "mean_find_ratio_total_old": 1.0, "search_advantage": 0.5018010041828147, "time_to_find": 10.294841133228802, "find_percentage": 0.1586, "comp_time": 16.616523027420044}