{"min_cost_bcls": 258706782187.31964, "curr_cost_bcls": 258706782187.31964, "curr_delta_bcls": 0.0, "init_cost_bcls": 258706782187.31964, "delta_cost_bcls": 0.0, "min_cost_old": 62065123905.12167, "min_risk_old": 22970562753.389587, "min_len_old": 39094561151.732086, "find_percentage_curr_old": 1.0, "mean_find_ratio_curr_old": 1.0, "find_percentage_total_old": 1.0, "mean_find_ratio_total_old": 1.0, "search_advantage": 0.5018010041828147, "time_to_find": 9.602563235603462, "find_percentage": 0.1624, "comp_time": 16.384366989135742}