{"min_cost_bcls": 258706797464.68738, "curr_cost_bcls": 258706797464.68738, "curr_delta_bcls": 0.0, "init_cost_bcls": 258706797464.68738, "delta_cost_bcls": 0.0, "min_cost_old": 61683920337.716995, "min_risk_old": 22589359185.984905, "min_len_old": 39094561151.732086, "find_percentage_curr_old": 1.0, "mean_find_ratio_curr_old": 1.0, "find_percentage_total_old": 1.0, "mean_find_ratio_total_old": 1.0, "search_advantage": 0.5018010041828147, "time_to_find": 9.982449016155803, "find_percentage": 0.1778, "comp_time": 16.672762393951416}