{"min_cost_bcls": 229222438630.91107, "curr_cost_bcls": 229221568180.47293, "curr_delta_bcls": 6493.0074462890625, "init_cost_bcls": 229216308387.32233, "delta_cost_bcls": 6130243.588745117, "min_cost_old": 19688738127.40448, "min_risk_old": 19584216600.612762, "min_len_old": 104521526.79171853, "find_percentage_curr_old": 0.7222222222222222, "mean_find_ratio_curr_old": 1.0000015758409075, "find_percentage_total_old": 0.7916666666666666, "mean_find_ratio_total_old": 1.0000551293523225, "search_advantage": 0.5018934298740563, "time_to_find": 19.736850246525297, "find_percentage": 0.1166, "comp_time": 39.16455388069153}