{"min_cost_bcls": 229199086854.84515, "curr_cost_bcls": 229199794200.5196, "curr_delta_bcls": 27211.132843017578, "init_cost_bcls": 229203981858.62482, "delta_cost_bcls": 4895003.779663086, "min_cost_old": 20639096424.845837, "min_risk_old": 20570560780.3973, "min_len_old": 68535644.44853465, "find_percentage_curr_old": 0.7803819444444444, "mean_find_ratio_curr_old": 1.0000012725048022, "find_percentage_total_old": 0.7873263888888888, "mean_find_ratio_total_old": 1.0000573578931597, "search_advantage": 0.5019107791629029, "time_to_find": 17.7507638583744, "find_percentage": 0.1308, "comp_time": 44.28070139884949}