{"min_cost_bcls": 228756939807.44937, "curr_cost_bcls": 228759152455.11038, "curr_delta_bcls": 2106103.956176758, "init_cost_bcls": 228758885321.1071, "delta_cost_bcls": 1945513.6577148438, "min_cost_old": 21475041030.97287, "min_risk_old": 21350104654.26522, "min_len_old": 124936376.7076506, "find_percentage_curr_old": 0.7790798611111112, "mean_find_ratio_curr_old": 1.0000058242491994, "find_percentage_total_old": 0.8159722222222222, "mean_find_ratio_total_old": 1.0000996048209916, "search_advantage": 0.5024202466601825, "time_to_find": 15.089934056799743, "find_percentage": 0.137, "comp_time": 50.974156856536865}