{"min_cost_bcls": 229210314908.0461, "curr_cost_bcls": 229227520379.92517, "curr_delta_bcls": 534085.0155334473, "init_cost_bcls": 229228482834.08994, "delta_cost_bcls": 18167926.043823242, "min_cost_old": 19530797922.352203, "min_risk_old": 19494686638.900536, "min_len_old": 36111283.45166807, "find_percentage_curr_old": 0.7170138888888888, "mean_find_ratio_curr_old": 1.000000247901433, "find_percentage_total_old": 0.8276909722222222, "mean_find_ratio_total_old": 1.0000353970922449, "search_advantage": 0.5018776622985698, "time_to_find": 19.126586611394824, "find_percentage": 0.1174, "comp_time": 36.40268063545227}