{"min_cost_bcls": 229199565328.76157, "curr_cost_bcls": 229201223604.71918, "curr_delta_bcls": 611791.6717224121, "init_cost_bcls": 229232068729.36707, "delta_cost_bcls": 32503400.605499268, "min_cost_old": 20284677557.809574, "min_risk_old": 20188358242.445988, "min_len_old": 96319315.36358638, "find_percentage_curr_old": 0.7026909722222222, "mean_find_ratio_curr_old": 1.000000803392321, "find_percentage_total_old": 0.8237847222222222, "mean_find_ratio_total_old": 1.000106471918282, "search_advantage": 0.5019308223795709, "time_to_find": 18.542695941053996, "find_percentage": 0.119, "comp_time": 43.11235594749451}