{"min_cost_bcls": 236633623067.67786, "curr_cost_bcls": 236633623067.67786, "curr_delta_bcls": 605708.536315918, "init_cost_bcls": 236633017359.14154, "delta_cost_bcls": 605708.536315918, "min_cost_old": 34009238396.829338, "min_risk_old": 23005659558.224316, "min_len_old": 11003578838.605022, "find_percentage_curr_old": 0.3836805555555556, "mean_find_ratio_curr_old": 1.0000014465558857, "find_percentage_total_old": 0.3836805555555556, "mean_find_ratio_total_old": 1.0000014465558857, "search_advantage": 0.5016803525278757, "time_to_find": 11.63229323106056, "find_percentage": 0.0994, "comp_time": 16.2056303024292}