{"min_cost_bcls": 236633695400.96295, "curr_cost_bcls": 236633695400.96295, "curr_delta_bcls": 855999.7135314941, "init_cost_bcls": 236632839401.24942, "delta_cost_bcls": 855999.7135314941, "min_cost_old": 34892658770.228455, "min_risk_old": 20408298823.862972, "min_len_old": 14484359946.365482, "find_percentage_curr_old": 0.3702256944444444, "mean_find_ratio_curr_old": 1.0000014845277994, "find_percentage_total_old": 0.3702256944444444, "mean_find_ratio_total_old": 1.0000014845277994, "search_advantage": 0.5016804226244985, "time_to_find": 11.454183004418317, "find_percentage": 0.0992, "comp_time": 17.030380725860596}