{"min_cost_bcls": 236633550236.19012, "curr_cost_bcls": 236633550236.19012, "curr_delta_bcls": 659063.0493164062, "init_cost_bcls": 236632891173.1408, "delta_cost_bcls": 659063.0493164062, "min_cost_old": 37579991304.25748, "min_risk_old": 23095631357.892, "min_len_old": 14484359946.365482, "find_percentage_curr_old": 0.3741319444444444, "mean_find_ratio_curr_old": 1.0000013743075793, "find_percentage_total_old": 0.3741319444444444, "mean_find_ratio_total_old": 1.0000013743075793, "search_advantage": 0.5016803871049691, "time_to_find": 11.293031191995523, "find_percentage": 0.094, "comp_time": 16.032443523406982}