{"min_cost_bcls": 236632833895.2751, "curr_cost_bcls": 236632833895.2751, "curr_delta_bcls": 67769.06921386719, "init_cost_bcls": 236632901664.3443, "delta_cost_bcls": 67769.06921386719, "min_cost_old": 33705819680.053192, "min_risk_old": 22702255882.553955, "min_len_old": 11003563797.499239, "find_percentage_curr_old": 0.375, "mean_find_ratio_curr_old": 1.000001575280315, "find_percentage_total_old": 0.375, "mean_find_ratio_total_old": 1.000001575280315, "search_advantage": 0.5016804898268685, "time_to_find": 11.515124560619473, "find_percentage": 0.0934, "comp_time": 16.262540102005005}