{"min_cost_bcls": 236631834891.22977, "curr_cost_bcls": 236631834891.22977, "curr_delta_bcls": 1170831.1241760254, "init_cost_bcls": 236633005722.35394, "delta_cost_bcls": 1170831.1241760254, "min_cost_old": 36491121009.3018, "min_risk_old": 22006761062.936325, "min_len_old": 14484359946.365482, "find_percentage_curr_old": 0.4136284722222222, "mean_find_ratio_curr_old": 1.0000022432507958, "find_percentage_total_old": 0.4136284722222222, "mean_find_ratio_total_old": 1.0000022432507958, "search_advantage": 0.5016808139841369, "time_to_find": 11.275763127257285, "find_percentage": 0.1064, "comp_time": 16.41352152824402}