{"min_cost_bcls": NaN, "curr_cost_bcls": NaN, "curr_delta_bcls": NaN, "init_cost_bcls": NaN, "delta_cost_bcls": NaN, "min_cost_old": 20861246556.39982, "min_risk_old": 20773838164.951893, "min_len_old": 87408391.44792672, "find_percentage_curr_old": 0.0, "mean_find_ratio_curr_old": NaN, "find_percentage_total_old": 0.7960069444444444, "mean_find_ratio_total_old": 1.0001414762182108, "search_advantage": 0.5019957849796963, "time_to_find": 9.791707815868726, "find_percentage": 0.095, "comp_time": 82.8424117565155}