{"min_cost_bcls": 229185195995.81293, "curr_cost_bcls": 229184451807.05008, "curr_delta_bcls": 744188.7628479004, "init_cost_bcls": 229251395691.47406, "delta_cost_bcls": 66199695.66113281, "min_cost_old": 19619179135.801495, "min_risk_old": 19482151839.922626, "min_len_old": 137027295.8788687, "find_percentage_curr_old": 0.7664930555555556, "mean_find_ratio_curr_old": 1.0000036301465411, "find_percentage_total_old": 0.8263888888888888, "mean_find_ratio_total_old": 1.0001406346456971, "search_advantage": 0.5019524977837659, "time_to_find": 10.6029351272725, "find_percentage": 0.0944, "comp_time": 61.803881883621216}