{"min_cost_bcls": NaN, "curr_cost_bcls": NaN, "curr_delta_bcls": NaN, "init_cost_bcls": NaN, "delta_cost_bcls": NaN, "min_cost_old": 21178929793.933197, "min_risk_old": 20879668329.807934, "min_len_old": 299261464.12526274, "find_percentage_curr_old": 0.0, "mean_find_ratio_curr_old": NaN, "find_percentage_total_old": 0.8342013888888888, "mean_find_ratio_total_old": 1.0001383997582431, "search_advantage": 0.5019035439005846, "time_to_find": 10.297771313683, "find_percentage": 0.1038, "comp_time": 70.90198254585266}