{"min_cost_bcls": NaN, "curr_cost_bcls": NaN, "curr_delta_bcls": NaN, "init_cost_bcls": NaN, "delta_cost_bcls": NaN, "min_cost_old": 25242956811.993187, "min_risk_old": 21989079016.076958, "min_len_old": 3253877795.9162297, "find_percentage_curr_old": 0.0, "mean_find_ratio_curr_old": NaN, "find_percentage_total_old": 0.8172743055555556, "mean_find_ratio_total_old": 1.0000622669213373, "search_advantage": 0.5018650118467769, "time_to_find": 10.391378717458254, "find_percentage": 0.1126, "comp_time": 78.63503313064575}