{"min_cost_bcls": 229186049889.68143, "curr_cost_bcls": 229150634707.96375, "curr_delta_bcls": 779529.7687683105, "init_cost_bcls": 229250283838.7839, "delta_cost_bcls": 64233949.10247803, "min_cost_old": 20430014964.49121, "min_risk_old": 20181304967.334614, "min_len_old": 248709997.15659842, "find_percentage_curr_old": 0.7868923611111112, "mean_find_ratio_curr_old": 1.0000023945097358, "find_percentage_total_old": 0.8120659722222222, "mean_find_ratio_total_old": 1.0001217302421235, "search_advantage": 0.5019631989764812, "time_to_find": 11.80597017642465, "find_percentage": 0.105, "comp_time": 70.23718547821045}