{"min_cost_bcls": 248157015399.45352, "curr_cost_bcls": 248157015399.45352, "curr_delta_bcls": 8873998.026397705, "init_cost_bcls": 248165889397.47992, "delta_cost_bcls": 8873998.026397705, "min_cost_old": 49563634994.281296, "min_risk_old": 21710310378.141083, "min_len_old": 27853324616.140217, "find_percentage_curr_old": 0.3719618055555556, "mean_find_ratio_curr_old": 1.0000060460910558, "find_percentage_total_old": 0.3719618055555556, "mean_find_ratio_total_old": 1.0000060460910558, "search_advantage": 0.5016943025683375, "time_to_find": 6.871213380797553, "find_percentage": 0.0772, "comp_time": 15.806700706481934}