{"min_cost_bcls": 248158326158.54114, "curr_cost_bcls": 248158326158.54114, "curr_delta_bcls": 7946731.074188232, "init_cost_bcls": 248166272889.61533, "delta_cost_bcls": 7946731.074188232, "min_cost_old": 60546525266.75206, "min_risk_old": 23989361928.76745, "min_len_old": 36557163337.98461, "find_percentage_curr_old": 0.3732638888888889, "mean_find_ratio_curr_old": 1.000006399032663, "find_percentage_total_old": 0.3732638888888889, "mean_find_ratio_total_old": 1.000006399032663, "search_advantage": 0.5016944851165853, "time_to_find": 5.697012210066441, "find_percentage": 0.0874, "comp_time": 15.786226511001587}