{"min_cost_bcls": 248158074215.09543, "curr_cost_bcls": 248158074215.09543, "curr_delta_bcls": 8160907.022644043, "init_cost_bcls": 248166235122.11807, "delta_cost_bcls": 8160907.022644043, "min_cost_old": 50146143004.3861, "min_risk_old": 22292832681.101986, "min_len_old": 27853310323.284115, "find_percentage_curr_old": 0.3728298611111111, "mean_find_ratio_curr_old": 1.000006238385045, "find_percentage_total_old": 0.3728298611111111, "mean_find_ratio_total_old": 1.000006238385045, "search_advantage": 0.5016944228856507, "time_to_find": 6.415679908381492, "find_percentage": 0.078, "comp_time": 15.662795305252075}