{"min_cost_bcls": 248156745561.8433, "curr_cost_bcls": 248156745561.8433, "curr_delta_bcls": 8892130.213500977, "init_cost_bcls": 248165637692.0568, "delta_cost_bcls": 8892130.213500977, "min_cost_old": 57958155316.63595, "min_risk_old": 21400991978.651337, "min_len_old": 36557163337.98461, "find_percentage_curr_old": 0.3719618055555556, "mean_find_ratio_curr_old": 1.0000059548870464, "find_percentage_total_old": 0.3719618055555556, "mean_find_ratio_total_old": 1.0000059548870464, "search_advantage": 0.5016942752038837, "time_to_find": 6.195882662136275, "find_percentage": 0.0808, "comp_time": 15.55217432975769}