{"min_cost_bcls": 248156904724.3178, "curr_cost_bcls": 248156904724.3178, "curr_delta_bcls": 8872570.625335693, "init_cost_bcls": 248165777294.94315, "delta_cost_bcls": 8872570.625335693, "min_cost_old": 57368513394.55461, "min_risk_old": 20811350056.57, "min_len_old": 36557163337.98461, "find_percentage_curr_old": 0.3719618055555556, "mean_find_ratio_curr_old": 1.0000059612210102, "find_percentage_total_old": 0.3719618055555556, "mean_find_ratio_total_old": 1.0000059612210102, "search_advantage": 0.5016942750627804, "time_to_find": 5.764408398745037, "find_percentage": 0.0906, "comp_time": 26.286600828170776}