{"min_cost_bcls": 243898095794.3916, "curr_cost_bcls": 243898095794.3916, "curr_delta_bcls": 0.0, "init_cost_bcls": 243898095794.3916, "delta_cost_bcls": 0.0, "min_cost_old": 40137203679.04828, "min_risk_old": 20589925375.325706, "min_len_old": 19547278303.72257, "find_percentage_curr_old": 1.0, "mean_find_ratio_curr_old": 1.0, "find_percentage_total_old": 1.0, "mean_find_ratio_total_old": 1.0, "search_advantage": 0.5018958718381952, "time_to_find": 14.514371044343186, "find_percentage": 0.1678, "comp_time": 17.58096933364868}