{"min_cost_bcls": 243898129758.4598, "curr_cost_bcls": 243898129758.4598, "curr_delta_bcls": 0.0, "init_cost_bcls": 243898129758.4598, "delta_cost_bcls": 0.0, "min_cost_old": 41420549112.60831, "min_risk_old": 21873270808.885742, "min_len_old": 19547278303.72257, "find_percentage_curr_old": 1.0, "mean_find_ratio_curr_old": 1.0, "find_percentage_total_old": 1.0, "mean_find_ratio_total_old": 1.0, "search_advantage": 0.5018958718381952, "time_to_find": 14.250506284968363, "find_percentage": 0.1602, "comp_time": 17.032917737960815}