{"min_cost_bcls": 243898141440.8093, "curr_cost_bcls": 243898141440.8093, "curr_delta_bcls": 0.0, "init_cost_bcls": 243898141440.8093, "delta_cost_bcls": 0.0, "min_cost_old": 41720153223.25397, "min_risk_old": 22172874919.531395, "min_len_old": 19547278303.72257, "find_percentage_curr_old": 1.0, "mean_find_ratio_curr_old": 1.0, "find_percentage_total_old": 1.0, "mean_find_ratio_total_old": 1.0, "search_advantage": 0.5018958718381952, "time_to_find": 14.289776903855874, "find_percentage": 0.1756, "comp_time": 16.867019653320312}