{"min_cost_bcls": 243898131815.4045, "curr_cost_bcls": 243898131815.4045, "curr_delta_bcls": 0.0, "init_cost_bcls": 243898131815.4045, "delta_cost_bcls": 0.0, "min_cost_old": 41329390488.66243, "min_risk_old": 21782112184.939857, "min_len_old": 19547278303.72257, "find_percentage_curr_old": 1.0, "mean_find_ratio_curr_old": 1.0, "find_percentage_total_old": 1.0, "mean_find_ratio_total_old": 1.0, "search_advantage": 0.5018958718381952, "time_to_find": 14.16565853723117, "find_percentage": 0.1576, "comp_time": 17.777108430862427}