{"min_cost_bcls": 229247751267.89258, "curr_cost_bcls": 229248859020.68466, "curr_delta_bcls": 546604.438659668, "init_cost_bcls": 229242276484.50034, "delta_cost_bcls": 5474783.392242432, "min_cost_old": 19752649873.097916, "min_risk_old": 19686235819.57148, "min_len_old": 66414053.526436016, "find_percentage_curr_old": 0.7335069444444444, "mean_find_ratio_curr_old": 1.0000006142575104, "find_percentage_total_old": 0.7578125, "mean_find_ratio_total_old": 1.0000056812392681, "search_advantage": 0.5018936145154793, "time_to_find": 18.64825824101378, "find_percentage": 0.1134, "comp_time": 28.108247995376587}