{"min_cost_bcls": 229218658427.56042, "curr_cost_bcls": 229210443569.82883, "curr_delta_bcls": 922781.1504821777, "init_cost_bcls": 229208439596.31512, "delta_cost_bcls": 10218831.245300293, "min_cost_old": 20728400251.540745, "min_risk_old": 20186032410.62341, "min_len_old": 542367840.9173367, "find_percentage_curr_old": 0.7894965277777778, "mean_find_ratio_curr_old": 1.0000013935353533, "find_percentage_total_old": 0.7782118055555556, "mean_find_ratio_total_old": 0.9999966383925154, "search_advantage": 0.5018748594648041, "time_to_find": 19.439116606304946, "find_percentage": 0.107, "comp_time": 29.372328519821167}