{"min_cost_bcls": 229248266769.36606, "curr_cost_bcls": 229236871429.26324, "curr_delta_bcls": 2118010.2022399902, "init_cost_bcls": 229246359311.15024, "delta_cost_bcls": 1907458.2158203125, "min_cost_old": 18504776163.504425, "min_risk_old": 18494379090.69174, "min_len_old": 10397072.812685095, "find_percentage_curr_old": 0.7934027777777778, "mean_find_ratio_curr_old": 1.000005713278484, "find_percentage_total_old": 0.7703993055555556, "mean_find_ratio_total_old": 1.000008144624279, "search_advantage": 0.5018985877402028, "time_to_find": 20.29466928513822, "find_percentage": 0.1226, "comp_time": 29.107760190963745}