{"min_cost_bcls": 229238739872.5417, "curr_cost_bcls": 229221971656.73618, "curr_delta_bcls": 1055493.3327636719, "init_cost_bcls": 229232616859.7636, "delta_cost_bcls": 6123012.778076172, "min_cost_old": 20744081357.84536, "min_risk_old": 20201791100.043903, "min_len_old": 542290257.8014563, "find_percentage_curr_old": 0.7378472222222222, "mean_find_ratio_curr_old": 1.0000029649518507, "find_percentage_total_old": 0.7265625, "mean_find_ratio_total_old": 1.0000009972651007, "search_advantage": 0.5018913875146727, "time_to_find": 19.194955576585862, "find_percentage": 0.1114, "comp_time": 31.386387586593628}