{"min_cost_bcls": 229241947893.37076, "curr_cost_bcls": 229214087240.97586, "curr_delta_bcls": 1625161.277496338, "init_cost_bcls": 229235520559.29865, "delta_cost_bcls": 6427334.072113037, "min_cost_old": 20763355210.411606, "min_risk_old": 20678933700.577763, "min_len_old": 84421509.83384462, "find_percentage_curr_old": 0.6019965277777778, "mean_find_ratio_curr_old": 0.9999994210358424, "find_percentage_total_old": 0.6870659722222222, "mean_find_ratio_total_old": 1.0000008417498387, "search_advantage": 0.5019049489441016, "time_to_find": 18.581765018002407, "find_percentage": 0.1164, "comp_time": 29.756325721740723}