{"min_cost_bcls": 239407055036.44562, "curr_cost_bcls": 239407055036.44562, "curr_delta_bcls": 3709641.2877197266, "init_cost_bcls": 239410764677.73334, "delta_cost_bcls": 3709641.2877197266, "min_cost_old": 36704246231.39704, "min_risk_old": 21193329974.564957, "min_len_old": 15510916256.832087, "find_percentage_curr_old": 0.5099826388888888, "mean_find_ratio_curr_old": 1.0000072390444892, "find_percentage_total_old": 0.5099826388888888, "mean_find_ratio_total_old": 1.0000072390444892, "search_advantage": 0.5017039124367659, "time_to_find": 12.52201073597479, "find_percentage": 0.0762, "comp_time": 15.089019536972046}