{"min_cost_bcls": 239403928179.54013, "curr_cost_bcls": 239403928179.54013, "curr_delta_bcls": 7020899.0564575195, "init_cost_bcls": 239410949078.5966, "delta_cost_bcls": 7020899.0564575195, "min_cost_old": 38615081095.81815, "min_risk_old": 23104160306.78275, "min_len_old": 15510920789.035406, "find_percentage_curr_old": 0.515625, "mean_find_ratio_curr_old": 1.0000145476131732, "find_percentage_total_old": 0.515625, "mean_find_ratio_total_old": 1.0000145476131732, "search_advantage": 0.5017019310527437, "time_to_find": 11.621173796775457, "find_percentage": 0.073, "comp_time": 15.42874002456665}