{"min_cost_bcls": 239409579451.76532, "curr_cost_bcls": 239409579451.76532, "curr_delta_bcls": 1156429.3615112305, "init_cost_bcls": 239410735881.12683, "delta_cost_bcls": 1156429.3615112305, "min_cost_old": 37691891800.93051, "min_risk_old": 22180980568.781605, "min_len_old": 15510911232.148907, "find_percentage_curr_old": 0.5182291666666666, "mean_find_ratio_curr_old": 1.0000044556929684, "find_percentage_total_old": 0.5182291666666666, "mean_find_ratio_total_old": 1.0000044556929684, "search_advantage": 0.5017086876085814, "time_to_find": 12.727521754853852, "find_percentage": 0.0742, "comp_time": 15.065087080001831}