{"min_cost_bcls": 239402763018.79523, "curr_cost_bcls": 239402763018.79523, "curr_delta_bcls": 7989827.5763549805, "init_cost_bcls": 239410752846.37158, "delta_cost_bcls": 7989827.5763549805, "min_cost_old": 38793450018.69245, "min_risk_old": 23282505509.49363, "min_len_old": 15510944509.198824, "find_percentage_curr_old": 0.5104166666666666, "mean_find_ratio_curr_old": 1.000016968212087, "find_percentage_total_old": 0.5104166666666666, "mean_find_ratio_total_old": 1.000016968212087, "search_advantage": 0.5017023656142384, "time_to_find": 11.913862348255478, "find_percentage": 0.0806, "comp_time": 15.20576024055481}