{"min_cost_bcls": 239406143829.2446, "curr_cost_bcls": 239406143829.2446, "curr_delta_bcls": 4617959.733795166, "init_cost_bcls": 239410761788.9784, "delta_cost_bcls": 4617959.733795166, "min_cost_old": 42376867769.596436, "min_risk_old": 21897771278.347397, "min_len_old": 20479096491.24904, "find_percentage_curr_old": 0.4396701388888889, "mean_find_ratio_curr_old": 1.0000077824660463, "find_percentage_total_old": 0.4396701388888889, "mean_find_ratio_total_old": 1.0000077824660463, "search_advantage": 0.5017009120819456, "time_to_find": 10.31471328628483, "find_percentage": 0.0868, "comp_time": 15.430344820022583}