{"min_cost_bcls": 245484075068.4677, "curr_cost_bcls": 245484075068.4677, "curr_delta_bcls": 15722852.416015625, "init_cost_bcls": 245499797920.88373, "delta_cost_bcls": 15722852.416015625, "min_cost_old": 55605756567.503845, "min_risk_old": 22073752028.026665, "min_len_old": 33532004539.477177, "find_percentage_curr_old": 0.7361111111111112, "mean_find_ratio_curr_old": 1.0000266994515499, "find_percentage_total_old": 0.7361111111111112, "mean_find_ratio_total_old": 1.0000266994515499, "search_advantage": 0.5019553332822623, "time_to_find": 11.884031341137277, "find_percentage": 0.177, "comp_time": 16.248299837112427}