{"min_cost_bcls": 245485136346.80814, "curr_cost_bcls": 245485136346.80814, "curr_delta_bcls": 14529957.816711426, "init_cost_bcls": 245499666304.62485, "delta_cost_bcls": 14529957.816711426, "min_cost_old": 47222054466.408455, "min_risk_old": 21867230400.085583, "min_len_old": 25354824066.322872, "find_percentage_curr_old": 0.6948784722222222, "mean_find_ratio_curr_old": 1.0000267297273158, "find_percentage_total_old": 0.6948784722222222, "mean_find_ratio_total_old": 1.0000267297273158, "search_advantage": 0.5019552683252935, "time_to_find": 13.069406582855146, "find_percentage": 0.1626, "comp_time": 18.678361415863037}