{"min_cost_bcls": 245484214177.75674, "curr_cost_bcls": 245484214177.75674, "curr_delta_bcls": 15498963.045898438, "init_cost_bcls": 245499713140.80264, "delta_cost_bcls": 15498963.045898438, "min_cost_old": 55106962309.125694, "min_risk_old": 21574957769.648518, "min_len_old": 33532004539.477177, "find_percentage_curr_old": 0.7052951388888888, "mean_find_ratio_curr_old": 1.000024523064663, "find_percentage_total_old": 0.7052951388888888, "mean_find_ratio_total_old": 1.000024523064663, "search_advantage": 0.5019545866396371, "time_to_find": 12.1181594005034, "find_percentage": 0.1788, "comp_time": 16.350098133087158}