{"min_cost_bcls": 245481810419.71854, "curr_cost_bcls": 245481810419.71854, "curr_delta_bcls": 17876373.295928955, "init_cost_bcls": 245499686793.01447, "delta_cost_bcls": 17876373.295928955, "min_cost_old": 48125364327.92366, "min_risk_old": 22770490517.012703, "min_len_old": 25354873810.910954, "find_percentage_curr_old": 0.7782118055555556, "mean_find_ratio_curr_old": 1.000026947544673, "find_percentage_total_old": 0.7782118055555556, "mean_find_ratio_total_old": 1.000026947544673, "search_advantage": 0.5019540765564001, "time_to_find": 13.154251657388691, "find_percentage": 0.1554, "comp_time": 16.245364904403687}