{"min_cost_bcls": 245490068710.02817, "curr_cost_bcls": 245490068710.02817, "curr_delta_bcls": 9770692.944946289, "init_cost_bcls": 245499839402.9731, "delta_cost_bcls": 9770692.944946289, "min_cost_old": 48524923726.08751, "min_risk_old": 23170036066.57359, "min_len_old": 25354887659.513924, "find_percentage_curr_old": 0.7356770833333334, "mean_find_ratio_curr_old": 1.0000154294224837, "find_percentage_total_old": 0.7356770833333334, "mean_find_ratio_total_old": 1.0000154294224837, "search_advantage": 0.5019550281511007, "time_to_find": 12.997022596543959, "find_percentage": 0.1622, "comp_time": 17.52302098274231}