{"min_cost_bcls": 232475487916.05835, "curr_cost_bcls": 232475487916.05835, "curr_delta_bcls": 1514843.0521240234, "init_cost_bcls": 232477002759.11047, "delta_cost_bcls": 1514843.0521240234, "min_cost_old": 26649196941.189774, "min_risk_old": 20132995655.10668, "min_len_old": 6516201286.083094, "find_percentage_curr_old": 0.3719618055555556, "mean_find_ratio_curr_old": 1.000001622394382, "find_percentage_total_old": 0.3719618055555556, "mean_find_ratio_total_old": 1.000001622394382, "search_advantage": 0.5015220389804789, "time_to_find": 11.626828407669608, "find_percentage": 0.0416, "comp_time": 15.872848272323608}