{"min_cost_bcls": 232474192658.3392, "curr_cost_bcls": 232474192658.3392, "curr_delta_bcls": 2811140.2975769043, "init_cost_bcls": 232477003798.63678, "delta_cost_bcls": 2811140.2975769043, "min_cost_old": 29332718415.70784, "min_risk_old": 22816517129.62475, "min_len_old": 6516201286.083094, "find_percentage_curr_old": 0.3723958333333333, "mean_find_ratio_curr_old": 1.000001190297136, "find_percentage_total_old": 0.3723958333333333, "mean_find_ratio_total_old": 1.000001190297136, "search_advantage": 0.501521764920326, "time_to_find": 11.724818269006331, "find_percentage": 0.0478, "comp_time": 15.449957847595215}