{"min_cost_bcls": 232474355136.38852, "curr_cost_bcls": 232474355136.38852, "curr_delta_bcls": 2618558.240875244, "init_cost_bcls": 232476973694.6294, "delta_cost_bcls": 2618558.240875244, "min_cost_old": 30321202417.907692, "min_risk_old": 23805001131.8246, "min_len_old": 6516201286.083094, "find_percentage_curr_old": 0.3715277777777778, "mean_find_ratio_curr_old": 1.0000011784542882, "find_percentage_total_old": 0.3715277777777778, "mean_find_ratio_total_old": 1.0000011784542882, "search_advantage": 0.5015217744071259, "time_to_find": 11.251687179365923, "find_percentage": 0.0452, "comp_time": 17.527151346206665}