{"min_cost_bcls": 232474123064.61237, "curr_cost_bcls": 232474123064.61237, "curr_delta_bcls": 2896860.887664795, "init_cost_bcls": 232477019925.50003, "delta_cost_bcls": 2896860.887664795, "min_cost_old": 28539077557.708572, "min_risk_old": 22022876271.625477, "min_len_old": 6516201286.083094, "find_percentage_curr_old": 0.3706597222222222, "mean_find_ratio_curr_old": 1.0000007889009326, "find_percentage_total_old": 0.3706597222222222, "mean_find_ratio_total_old": 1.0000007889009326, "search_advantage": 0.501521519313268, "time_to_find": 11.509306192953389, "find_percentage": 0.0498, "comp_time": 15.437415361404419}