{"min_cost_bcls": 232473917030.78973, "curr_cost_bcls": 232473917030.78973, "curr_delta_bcls": 3096117.4788513184, "init_cost_bcls": 232477013148.2686, "delta_cost_bcls": 3096117.4788513184, "min_cost_old": 26922940729.286373, "min_risk_old": 22027323799.53177, "min_len_old": 4895616929.754604, "find_percentage_curr_old": 0.3693576388888889, "mean_find_ratio_curr_old": 1.0000011856719677, "find_percentage_total_old": 0.3693576388888889, "mean_find_ratio_total_old": 1.0000011856719677, "search_advantage": 0.5015217752717719, "time_to_find": 12.510851024055299, "find_percentage": 0.0464, "comp_time": 15.507673501968384}