{"min_cost_bcls": 253639772707.43436, "curr_cost_bcls": 253639772707.43436, "curr_delta_bcls": 0.0, "init_cost_bcls": 253639772707.43436, "delta_cost_bcls": 0.0, "min_cost_old": 53453303774.90493, "min_risk_old": 20874506769.210808, "min_len_old": 32578797005.694122, "find_percentage_curr_old": 1.0, "mean_find_ratio_curr_old": 1.0, "find_percentage_total_old": 1.0, "mean_find_ratio_total_old": 1.0, "search_advantage": 0.5019583175143042, "time_to_find": 14.392372928521558, "find_percentage": 0.16, "comp_time": 16.944047451019287}