{"min_cost_bcls": 253639754315.00034, "curr_cost_bcls": 253639754315.00034, "curr_delta_bcls": 0.0, "init_cost_bcls": 253639754315.00034, "delta_cost_bcls": 0.0, "min_cost_old": 54846543548.46279, "min_risk_old": 22267746542.76867, "min_len_old": 32578797005.694122, "find_percentage_curr_old": 1.0, "mean_find_ratio_curr_old": 1.0, "find_percentage_total_old": 1.0, "mean_find_ratio_total_old": 1.0, "search_advantage": 0.5019583175143042, "time_to_find": 14.228790030350119, "find_percentage": 0.1618, "comp_time": 17.372829914093018}