{"min_cost_bcls": 253639785187.68552, "curr_cost_bcls": 253639785187.68552, "curr_delta_bcls": 0.0, "init_cost_bcls": 253639785187.68552, "delta_cost_bcls": 0.0, "min_cost_old": 55640852940.72531, "min_risk_old": 23062055935.031185, "min_len_old": 32578797005.694122, "find_percentage_curr_old": 1.0, "mean_find_ratio_curr_old": 1.0, "find_percentage_total_old": 1.0, "mean_find_ratio_total_old": 1.0, "search_advantage": 0.5019583175143042, "time_to_find": 14.215032423753817, "find_percentage": 0.1616, "comp_time": 17.16432785987854}