{"min_cost_bcls": 253639743209.11868, "curr_cost_bcls": 253639743209.11868, "curr_delta_bcls": 0.0, "init_cost_bcls": 253639743209.11868, "delta_cost_bcls": 0.0, "min_cost_old": 55455991339.389404, "min_risk_old": 22877194333.69528, "min_len_old": 32578797005.694122, "find_percentage_curr_old": 1.0, "mean_find_ratio_curr_old": 1.0, "find_percentage_total_old": 1.0, "mean_find_ratio_total_old": 1.0, "search_advantage": 0.5019583175143042, "time_to_find": 14.278524419340933, "find_percentage": 0.1594, "comp_time": 17.618597984313965}