{"min_cost_bcls": 253639733462.4515, "curr_cost_bcls": 253639733462.4515, "curr_delta_bcls": 0.0, "init_cost_bcls": 253639733462.4515, "delta_cost_bcls": 0.0, "min_cost_old": 54557403376.15363, "min_risk_old": 21978606370.45951, "min_len_old": 32578797005.694122, "find_percentage_curr_old": 1.0, "mean_find_ratio_curr_old": 1.0, "find_percentage_total_old": 1.0, "mean_find_ratio_total_old": 1.0, "search_advantage": 0.5019583175143042, "time_to_find": 14.024437481337413, "find_percentage": 0.1636, "comp_time": 17.565155267715454}