{"min_cost_bcls": 229220362675.16025, "curr_cost_bcls": 229225463212.0361, "curr_delta_bcls": 2996353.0154418945, "init_cost_bcls": 229208576030.1888, "delta_cost_bcls": 11786644.971435547, "min_cost_old": 23348023203.291447, "min_risk_old": 20091825135.678993, "min_len_old": 3256198067.6124544, "find_percentage_curr_old": 0.5295138888888888, "mean_find_ratio_curr_old": 1.0000030864349851, "find_percentage_total_old": 0.4375, "mean_find_ratio_total_old": 1.0000157118293407, "search_advantage": 0.5019591864589762, "time_to_find": 4.4605889640996965, "find_percentage": 0.1208, "comp_time": 74.44000434875488}