{"min_cost_bcls": 229267441163.79816, "curr_cost_bcls": 229227100353.76953, "curr_delta_bcls": 7356278.2697143555, "init_cost_bcls": 229241518589.79657, "delta_cost_bcls": 25922574.001586914, "min_cost_old": 19876193087.34828, "min_risk_old": 19603422881.29506, "min_len_old": 272770206.05322284, "find_percentage_curr_old": 0.4839409722222222, "mean_find_ratio_curr_old": 1.000004523815583, "find_percentage_total_old": 0.44140625, "mean_find_ratio_total_old": 1.0001844006769265, "search_advantage": 0.502098074589985, "time_to_find": 5.5543031122579505, "find_percentage": 0.1098, "comp_time": 55.38188457489014}