{"min_cost_bcls": 229237697738.04196, "curr_cost_bcls": 229235050308.0992, "curr_delta_bcls": 2881134.3346862793, "init_cost_bcls": 229212365062.28174, "delta_cost_bcls": 25332675.76022339, "min_cost_old": 20799524393.679714, "min_risk_old": 20397561762.806103, "min_len_old": 401962630.87361246, "find_percentage_curr_old": 0.4518229166666667, "mean_find_ratio_curr_old": 1.0000065743242752, "find_percentage_total_old": 0.5616319444444444, "mean_find_ratio_total_old": 1.0000615797414463, "search_advantage": 0.5019298692203991, "time_to_find": 4.200661523037212, "find_percentage": 0.1342, "comp_time": 50.115776777267456}