{"min_cost_bcls": 229202387944.57318, "curr_cost_bcls": 229198602128.0662, "curr_delta_bcls": 3785816.5069885254, "init_cost_bcls": 229252058340.21564, "delta_cost_bcls": 49670395.642456055, "min_cost_old": 20006851648.310642, "min_risk_old": 19905211096.221123, "min_len_old": 101640552.08951972, "find_percentage_curr_old": 0.5243055555555556, "mean_find_ratio_curr_old": 1.0000031716505815, "find_percentage_total_old": 0.4557291666666667, "mean_find_ratio_total_old": 1.0001757853917088, "search_advantage": 0.5020410704131391, "time_to_find": 5.449224328384976, "find_percentage": 0.0978, "comp_time": 50.37402534484863}