{"min_cost_bcls": 229260305395.04086, "curr_cost_bcls": 229258607782.4662, "curr_delta_bcls": 1110167.5050964355, "init_cost_bcls": 229249757404.19537, "delta_cost_bcls": 10547990.845489502, "min_cost_old": 20253855553.3328, "min_risk_old": 20205509163.726887, "min_len_old": 48346389.605913244, "find_percentage_curr_old": 0.5659722222222222, "mean_find_ratio_curr_old": 1.0000006866256035, "find_percentage_total_old": 0.4522569444444444, "mean_find_ratio_total_old": 1.0000632087809536, "search_advantage": 0.5018650977305363, "time_to_find": 4.7764363530120475, "find_percentage": 0.1098, "comp_time": 70.384934425354}