{"min_cost_bcls": 229341041193.3431, "curr_cost_bcls": 229338380623.1184, "curr_delta_bcls": 2482410.4129943848, "init_cost_bcls": 229357513588.2088, "delta_cost_bcls": 16472394.865692139, "min_cost_old": 19873788255.409946, "min_risk_old": 19796699418.138134, "min_len_old": 77088837.27181143, "find_percentage_curr_old": 0.7578125, "mean_find_ratio_curr_old": 1.0000029465501588, "find_percentage_total_old": 0.8020833333333334, "mean_find_ratio_total_old": 1.000036147012604, "search_advantage": 0.5017451970640576, "time_to_find": 12.894943618860426, "find_percentage": 0.0806, "comp_time": 51.29192519187927}