{"min_cost_bcls": 229327549135.17062, "curr_cost_bcls": 229324991209.92514, "curr_delta_bcls": 1396655.6293945312, "init_cost_bcls": 229332365534.52762, "delta_cost_bcls": 4816399.356994629, "min_cost_old": 20218601736.594223, "min_risk_old": 20091055564.225243, "min_len_old": 127546172.36898148, "find_percentage_curr_old": 0.8546006944444444, "mean_find_ratio_curr_old": 1.000004102281152, "find_percentage_total_old": 0.7864583333333334, "mean_find_ratio_total_old": 1.0000491383596244, "search_advantage": 0.5018041269555842, "time_to_find": 13.153569574042521, "find_percentage": 0.077, "comp_time": 44.067856550216675}