{"min_cost_bcls": 229375803929.29846, "curr_cost_bcls": 229370667001.88922, "curr_delta_bcls": 282703.9260253906, "init_cost_bcls": 229372352087.86063, "delta_cost_bcls": 3451841.4378356934, "min_cost_old": 21051943308.662186, "min_risk_old": 20883703023.70572, "min_len_old": 168240284.9564669, "find_percentage_curr_old": 0.7300347222222222, "mean_find_ratio_curr_old": 1.0000033722906987, "find_percentage_total_old": 0.7808159722222222, "mean_find_ratio_total_old": 1.0000372055487847, "search_advantage": 0.5017915094592627, "time_to_find": 15.867156204993982, "find_percentage": 0.07, "comp_time": 42.69544267654419}