{"min_cost_bcls": 229308470729.34006, "curr_cost_bcls": 229326171525.7532, "curr_delta_bcls": 2649874.8065490723, "init_cost_bcls": 229327470469.702, "delta_cost_bcls": 18999740.361938477, "min_cost_old": 20331244983.30531, "min_risk_old": 20275276203.522213, "min_len_old": 55968779.78309641, "find_percentage_curr_old": 0.7725694444444444, "mean_find_ratio_curr_old": 1.000002256384273, "find_percentage_total_old": 0.8723958333333334, "mean_find_ratio_total_old": 1.0000578591788378, "search_advantage": 0.5017755152401181, "time_to_find": 13.12816550440549, "find_percentage": 0.0738, "comp_time": 37.08293533325195}