{"min_cost_bcls": 229314637178.32825, "curr_cost_bcls": 229314886762.23697, "curr_delta_bcls": 949652.0025634766, "init_cost_bcls": 229340878673.62234, "delta_cost_bcls": 26241495.2940979, "min_cost_old": 20694070767.99182, "min_risk_old": 20589753345.658184, "min_len_old": 104317422.33363849, "find_percentage_curr_old": 0.7573784722222222, "mean_find_ratio_curr_old": 1.0000003454122497, "find_percentage_total_old": 0.8289930555555556, "mean_find_ratio_total_old": 1.0000645225744376, "search_advantage": 0.5017883992089918, "time_to_find": 14.683529794438053, "find_percentage": 0.0726, "comp_time": 42.68403959274292}