{"min_cost_bcls": 236425062524.86234, "curr_cost_bcls": 236425062524.86234, "curr_delta_bcls": 3445064.1179504395, "init_cost_bcls": 236428507588.9803, "delta_cost_bcls": 3445064.1179504395, "min_cost_old": 37466284624.92444, "min_risk_old": 22983171818.291874, "min_len_old": 14483112806.632566, "find_percentage_curr_old": 0.7348090277777778, "mean_find_ratio_curr_old": 1.0000066962627774, "find_percentage_total_old": 0.7348090277777778, "mean_find_ratio_total_old": 1.0000066962627774, "search_advantage": 0.5018640950660769, "time_to_find": 15.213822508968871, "find_percentage": 0.1132, "comp_time": 15.804248332977295}