{"min_cost_bcls": 236421969933.96707, "curr_cost_bcls": 236421969933.96707, "curr_delta_bcls": 6572785.851196289, "init_cost_bcls": 236428542719.81827, "delta_cost_bcls": 6572785.851196289, "min_cost_old": 33783128279.466698, "min_risk_old": 22780353766.12753, "min_len_old": 11002774513.33917, "find_percentage_curr_old": 0.7669270833333334, "mean_find_ratio_curr_old": 1.0000131771786767, "find_percentage_total_old": 0.7669270833333334, "mean_find_ratio_total_old": 1.0000131771786767, "search_advantage": 0.5018643920794974, "time_to_find": 16.284391109155255, "find_percentage": 0.1118, "comp_time": 15.72992730140686}