{"min_cost_bcls": 236422218762.53976, "curr_cost_bcls": 236422218762.53976, "curr_delta_bcls": 6362984.380371094, "init_cost_bcls": 236428581746.92014, "delta_cost_bcls": 6362984.380371094, "min_cost_old": 34284145791.71659, "min_risk_old": 23281378728.9481, "min_len_old": 11002767062.768492, "find_percentage_curr_old": 0.8368055555555556, "mean_find_ratio_curr_old": 1.0000112132889996, "find_percentage_total_old": 0.8368055555555556, "mean_find_ratio_total_old": 1.0000112132889996, "search_advantage": 0.501863598972513, "time_to_find": 15.7270709233651, "find_percentage": 0.1068, "comp_time": 15.549988269805908}