{"min_cost_bcls": 236422332351.6136, "curr_cost_bcls": 236422332351.6136, "curr_delta_bcls": 6246208.860748291, "init_cost_bcls": 236428578560.47433, "delta_cost_bcls": 6246208.860748291, "min_cost_old": 31286979514.211918, "min_risk_old": 20284183020.605137, "min_len_old": 11002796493.606781, "find_percentage_curr_old": 0.7430555555555556, "mean_find_ratio_curr_old": 1.00001202771636, "find_percentage_total_old": 0.7430555555555556, "mean_find_ratio_total_old": 1.00001202771636, "search_advantage": 0.5018639743020024, "time_to_find": 16.24427451080529, "find_percentage": 0.1072, "comp_time": 15.680463314056396}