{"min_cost_bcls": 236424503070.48373, "curr_cost_bcls": 236424503070.48373, "curr_delta_bcls": 4018421.7191467285, "init_cost_bcls": 236428521492.20288, "delta_cost_bcls": 4018421.7191467285, "min_cost_old": 37064665238.783516, "min_risk_old": 22581552432.150948, "min_len_old": 14483112806.632566, "find_percentage_curr_old": 0.7673611111111112, "mean_find_ratio_curr_old": 1.000010581560254, "find_percentage_total_old": 0.7673611111111112, "mean_find_ratio_total_old": 1.000010581560254, "search_advantage": 0.5018639154058346, "time_to_find": 15.933258571418511, "find_percentage": 0.109, "comp_time": 15.966970682144165}