{"min_cost_bcls": 239027247827.13733, "curr_cost_bcls": 239027247827.13733, "curr_delta_bcls": 0.0, "init_cost_bcls": 239027247827.13733, "delta_cost_bcls": 0.0, "min_cost_old": 36011358565.78032, "min_risk_old": 22979832252.78316, "min_len_old": 13031526312.99716, "find_percentage_curr_old": 1.0, "mean_find_ratio_curr_old": 1.0, "find_percentage_total_old": 1.0, "mean_find_ratio_total_old": 1.0, "search_advantage": 0.5018643346677478, "time_to_find": 15.840296374046174, "find_percentage": 0.1474, "comp_time": 17.316044807434082}