{"min_cost_bcls": 239027260081.9342, "curr_cost_bcls": 239027260081.9342, "curr_delta_bcls": 0.0, "init_cost_bcls": 239027260081.9342, "delta_cost_bcls": 0.0, "min_cost_old": 35510283406.06094, "min_risk_old": 22478757093.063786, "min_len_old": 13031526312.99716, "find_percentage_curr_old": 1.0, "mean_find_ratio_curr_old": 1.0, "find_percentage_total_old": 1.0, "mean_find_ratio_total_old": 1.0, "search_advantage": 0.5018643346677478, "time_to_find": 16.026939422392324, "find_percentage": 0.1542, "comp_time": 16.812355279922485}