{"min_cost_bcls": 239027256931.36523, "curr_cost_bcls": 239027256931.36523, "curr_delta_bcls": 0.0, "init_cost_bcls": 239027256931.36523, "delta_cost_bcls": 0.0, "min_cost_old": 37400732309.627914, "min_risk_old": 24369205996.630753, "min_len_old": 13031526312.99716, "find_percentage_curr_old": 1.0, "mean_find_ratio_curr_old": 1.0, "find_percentage_total_old": 1.0, "mean_find_ratio_total_old": 1.0, "search_advantage": 0.5018643346677478, "time_to_find": 16.335299506019474, "find_percentage": 0.154, "comp_time": 16.8733491897583}