{"min_cost_bcls": 239027262835.44656, "curr_cost_bcls": 239027262835.44656, "curr_delta_bcls": 0.0, "init_cost_bcls": 239027262835.44656, "delta_cost_bcls": 0.0, "min_cost_old": 37104125513.43803, "min_risk_old": 24072599200.440865, "min_len_old": 13031526312.99716, "find_percentage_curr_old": 1.0, "mean_find_ratio_curr_old": 1.0, "find_percentage_total_old": 1.0, "mean_find_ratio_total_old": 1.0, "search_advantage": 0.5018643346677478, "time_to_find": 16.27502736240266, "find_percentage": 0.156, "comp_time": 16.84168577194214}