{"min_cost_bcls": 239027246958.6415, "curr_cost_bcls": 239027246958.6415, "curr_delta_bcls": 0.0, "init_cost_bcls": 239027246958.6415, "delta_cost_bcls": 0.0, "min_cost_old": 36398746350.044075, "min_risk_old": 23367220037.046917, "min_len_old": 13031526312.99716, "find_percentage_curr_old": 1.0, "mean_find_ratio_curr_old": 1.0, "find_percentage_total_old": 1.0, "mean_find_ratio_total_old": 1.0, "search_advantage": 0.5018643346677478, "time_to_find": 15.220392841220947, "find_percentage": 0.1476, "comp_time": 17.35990047454834}