{"min_cost_bcls": 251732963069.1573, "curr_cost_bcls": 251732963069.1573, "curr_delta_bcls": 3435763.239929199, "init_cost_bcls": 251736398832.39722, "delta_cost_bcls": 3435763.239929199, "min_cost_old": 56209127834.01425, "min_risk_old": 22681001149.073242, "min_len_old": 33528126684.941013, "find_percentage_curr_old": 0.4149305555555556, "mean_find_ratio_curr_old": 1.0000066309379476, "find_percentage_total_old": 0.4149305555555556, "mean_find_ratio_total_old": 1.0000066309379476, "search_advantage": 0.5018349327913895, "time_to_find": 8.694383388440114, "find_percentage": 0.1358, "comp_time": 16.164796352386475}