{"min_cost_bcls": 251735613349.05896, "curr_cost_bcls": 251735613349.05896, "curr_delta_bcls": 822098.6722717285, "init_cost_bcls": 251736435447.73123, "delta_cost_bcls": 822098.6722717285, "min_cost_old": 65006304931.10559, "min_risk_old": 21009576180.966236, "min_len_old": 43996728750.13936, "find_percentage_curr_old": 0.4010416666666667, "mean_find_ratio_curr_old": 1.0000045486807931, "find_percentage_total_old": 0.4010416666666667, "mean_find_ratio_total_old": 1.0000045486807931, "search_advantage": 0.50183394516039, "time_to_find": 8.41550135117346, "find_percentage": 0.141, "comp_time": 15.967548608779907}