{"min_cost_bcls": 251732441937.6716, "curr_cost_bcls": 251732441937.6716, "curr_delta_bcls": 4061145.3442382812, "init_cost_bcls": 251736503083.01584, "delta_cost_bcls": 4061145.3442382812, "min_cost_old": 56613833741.53581, "min_risk_old": 23085778693.8398, "min_len_old": 33528055047.696007, "find_percentage_curr_old": 0.4279513888888889, "mean_find_ratio_curr_old": 1.0000067038180336, "find_percentage_total_old": 0.4279513888888889, "mean_find_ratio_total_old": 1.0000067038180336, "search_advantage": 0.5018350612251916, "time_to_find": 7.8763788742275285, "find_percentage": 0.1402, "comp_time": 16.473827362060547}