{"min_cost_bcls": 251737275174.49673, "curr_cost_bcls": 251737275174.49673, "curr_delta_bcls": 662948.9665222168, "init_cost_bcls": 251736612225.5302, "delta_cost_bcls": 662948.9665222168, "min_cost_old": 65191044596.04355, "min_risk_old": 21194315845.904194, "min_len_old": 43996728750.13936, "find_percentage_curr_old": 0.359375, "mean_find_ratio_curr_old": 1.0000039055818493, "find_percentage_total_old": 0.359375, "mean_find_ratio_total_old": 1.0000039055818493, "search_advantage": 0.5018336791533073, "time_to_find": 7.977797669645549, "find_percentage": 0.1488, "comp_time": 16.28532099723816}