{"min_cost_bcls": 251736695334.44476, "curr_cost_bcls": 251736695334.44476, "curr_delta_bcls": 516700.8110046387, "init_cost_bcls": 251736178633.63376, "delta_cost_bcls": 516700.8110046387, "min_cost_old": 53906620132.60924, "min_risk_old": 20378496953.574356, "min_len_old": 33528123179.03488, "find_percentage_curr_old": 0.3645833333333333, "mean_find_ratio_curr_old": 1.000004330781711, "find_percentage_total_old": 0.3645833333333333, "mean_find_ratio_total_old": 1.000004330781711, "search_advantage": 0.5018338605702843, "time_to_find": 8.107878252139207, "find_percentage": 0.1442, "comp_time": 16.06495475769043}