{"min_cost_bcls": 234357266490.62405, "curr_cost_bcls": 234357266490.62405, "curr_delta_bcls": 0.0, "init_cost_bcls": 234357266490.62405, "delta_cost_bcls": 0.0, "min_cost_old": 30907991945.142677, "min_risk_old": 24392250522.49755, "min_len_old": 6515741422.645124, "find_percentage_curr_old": 1.0, "mean_find_ratio_curr_old": 1.0, "find_percentage_total_old": 1.0, "mean_find_ratio_total_old": 1.0, "search_advantage": 0.5016438245294492, "time_to_find": 16.30032867793967, "find_percentage": 0.073, "comp_time": 16.605289936065674}