{"min_cost_bcls": 234357237688.07385, "curr_cost_bcls": 234357237688.07385, "curr_delta_bcls": 0.0, "init_cost_bcls": 234357237688.07385, "delta_cost_bcls": 0.0, "min_cost_old": 31302703508.868828, "min_risk_old": 24786962086.2237, "min_len_old": 6515741422.645124, "find_percentage_curr_old": 1.0, "mean_find_ratio_curr_old": 1.0, "find_percentage_total_old": 1.0, "mean_find_ratio_total_old": 1.0, "search_advantage": 0.5016438245294492, "time_to_find": 16.40883006313952, "find_percentage": 0.0744, "comp_time": 16.047889232635498}