{"min_cost_bcls": 234357237688.0824, "curr_cost_bcls": 234357237688.0824, "curr_delta_bcls": 0.0, "init_cost_bcls": 234357237688.0824, "delta_cost_bcls": 0.0, "min_cost_old": 29219849192.73078, "min_risk_old": 22704107770.085655, "min_len_old": 6515741422.645124, "find_percentage_curr_old": 1.0, "mean_find_ratio_curr_old": 1.0, "find_percentage_total_old": 1.0, "mean_find_ratio_total_old": 1.0, "search_advantage": 0.5016438245294492, "time_to_find": 16.202424051582447, "find_percentage": 0.0692, "comp_time": 17.954687356948853}