{"min_cost_bcls": 234357244903.25348, "curr_cost_bcls": 234357244903.25348, "curr_delta_bcls": 0.0, "init_cost_bcls": 234357244903.25348, "delta_cost_bcls": 0.0, "min_cost_old": 33190746571.066742, "min_risk_old": 26675005148.421616, "min_len_old": 6515741422.645124, "find_percentage_curr_old": 1.0, "mean_find_ratio_curr_old": 1.0, "find_percentage_total_old": 1.0, "mean_find_ratio_total_old": 1.0, "search_advantage": 0.5016438245294492, "time_to_find": 16.168557235136973, "find_percentage": 0.076, "comp_time": 16.213393926620483}