{"min_cost_bcls": 247698785634.6615, "curr_cost_bcls": 247698785634.6615, "curr_delta_bcls": 2910442.986633301, "init_cost_bcls": 247701696077.64813, "delta_cost_bcls": 2910442.986633301, "min_cost_old": 62086812483.02017, "min_risk_old": 22989583560.54015, "min_len_old": 39097228922.48003, "find_percentage_curr_old": 0.3129340277777778, "mean_find_ratio_curr_old": 0.999998136447042, "find_percentage_total_old": 0.3129340277777778, "mean_find_ratio_total_old": 0.999998136447042, "search_advantage": 0.5017083624040437, "time_to_find": 7.619257461785023, "find_percentage": 0.1446, "comp_time": 21.472506999969482}