{"min_cost_bcls": 247698075882.30258, "curr_cost_bcls": 247698075882.30258, "curr_delta_bcls": 3599544.337158203, "init_cost_bcls": 247701675426.63974, "delta_cost_bcls": 3599544.337158203, "min_cost_old": 53755260037.092514, "min_risk_old": 24381531090.135044, "min_len_old": 29373728946.95747, "find_percentage_curr_old": 0.33984375, "mean_find_ratio_curr_old": 0.9999992659512486, "find_percentage_total_old": 0.33984375, "mean_find_ratio_total_old": 0.9999992659512486, "search_advantage": 0.5017091154976628, "time_to_find": 7.816531629071476, "find_percentage": 0.1372, "comp_time": 15.898984432220459}