{"min_cost_bcls": 247696584260.13284, "curr_cost_bcls": 247696584260.13284, "curr_delta_bcls": 5112030.493011475, "init_cost_bcls": 247701696290.62585, "delta_cost_bcls": 5112030.493011475, "min_cost_old": 51974924561.10976, "min_risk_old": 22601174848.78997, "min_len_old": 29373749712.319786, "find_percentage_curr_old": 0.3376736111111111, "mean_find_ratio_curr_old": 0.9999986700168719, "find_percentage_total_old": 0.3376736111111111, "mean_find_ratio_total_old": 0.9999986700168719, "search_advantage": 0.501708695365553, "time_to_find": 7.082682372711922, "find_percentage": 0.1344, "comp_time": 15.689401149749756}