{"min_cost_bcls": 247698893931.80243, "curr_cost_bcls": 247698893931.80243, "curr_delta_bcls": 2914547.056213379, "init_cost_bcls": 247701808478.85864, "delta_cost_bcls": 2914547.056213379, "min_cost_old": 59401503387.06732, "min_risk_old": 20304274464.58729, "min_len_old": 39097228922.48003, "find_percentage_curr_old": 0.3185763888888889, "mean_find_ratio_curr_old": 0.9999988979074492, "find_percentage_total_old": 0.3185763888888889, "mean_find_ratio_total_old": 0.9999988979074492, "search_advantage": 0.5017089798139255, "time_to_find": 7.106959918594826, "find_percentage": 0.1412, "comp_time": 15.7366361618042}