{"min_cost_bcls": 247698740944.61792, "curr_cost_bcls": 247698740944.61792, "curr_delta_bcls": 2875952.863433838, "init_cost_bcls": 247701616897.48135, "delta_cost_bcls": 2875952.863433838, "min_cost_old": 61592042128.569275, "min_risk_old": 22494813206.08925, "min_len_old": 39097228922.48003, "find_percentage_curr_old": 0.3376736111111111, "mean_find_ratio_curr_old": 0.9999986348039932, "find_percentage_total_old": 0.3376736111111111, "mean_find_ratio_total_old": 0.9999986348039932, "search_advantage": 0.5017086578220378, "time_to_find": 7.021178966063095, "find_percentage": 0.1464, "comp_time": 15.788480043411255}