{"min_cost_bcls": 229171780617.55527, "curr_cost_bcls": 229165495637.09006, "curr_delta_bcls": 1187096.7651367188, "init_cost_bcls": 229193060373.8859, "delta_cost_bcls": 21279756.33062744, "min_cost_old": 19246185929.890778, "min_risk_old": 19080318331.151035, "min_len_old": 165867598.73974165, "find_percentage_curr_old": 0.7513020833333334, "mean_find_ratio_curr_old": 1.0000009607137743, "find_percentage_total_old": 0.7799479166666666, "mean_find_ratio_total_old": 1.0000543337277388, "search_advantage": 0.501977713763923, "time_to_find": 16.26080197912311, "find_percentage": 0.1256, "comp_time": 44.31471014022827}