{"min_cost_bcls": 229127369238.2873, "curr_cost_bcls": 229130701846.3741, "curr_delta_bcls": 1720038.3917236328, "init_cost_bcls": 229139973889.07846, "delta_cost_bcls": 12604650.791168213, "min_cost_old": 18397914926.742214, "min_risk_old": 18291950156.592842, "min_len_old": 105964770.14937201, "find_percentage_curr_old": 0.7200520833333334, "mean_find_ratio_curr_old": 1.000000863334477, "find_percentage_total_old": 0.7821180555555556, "mean_find_ratio_total_old": 1.0000400188582876, "search_advantage": 0.5019717187444059, "time_to_find": 16.79085249447715, "find_percentage": 0.1268, "comp_time": 54.336827754974365}