{"min_cost_bcls": 229132927720.2709, "curr_cost_bcls": 229106098522.6719, "curr_delta_bcls": 2433127.641418457, "init_cost_bcls": 229129898384.47076, "delta_cost_bcls": 3029335.800140381, "min_cost_old": 19562695090.813034, "min_risk_old": 19086384511.281685, "min_len_old": 476310579.5313479, "find_percentage_curr_old": 0.7430555555555556, "mean_find_ratio_curr_old": 1.0000006292488324, "find_percentage_total_old": 0.7686631944444444, "mean_find_ratio_total_old": 1.000045333889629, "search_advantage": 0.5019620366792976, "time_to_find": 16.560250676059695, "find_percentage": 0.1278, "comp_time": 46.49493432044983}