{"min_cost_bcls": 229110421796.3616, "curr_cost_bcls": 229107043105.13284, "curr_delta_bcls": 3378691.2287597656, "init_cost_bcls": 229113547682.07755, "delta_cost_bcls": 3125885.715942383, "min_cost_old": 20234318304.44586, "min_risk_old": 20167132726.45431, "min_len_old": 67185577.99155211, "find_percentage_curr_old": 0.7799479166666666, "mean_find_ratio_curr_old": 1.000003972613556, "find_percentage_total_old": 0.7799479166666666, "mean_find_ratio_total_old": 1.0000458400187473, "search_advantage": 0.5019684788663752, "time_to_find": 18.21795433073612, "find_percentage": 0.1222, "comp_time": 41.54607176780701}