{"min_cost_bcls": 229151074632.2655, "curr_cost_bcls": 229152174726.9794, "curr_delta_bcls": 3163822.127532959, "init_cost_bcls": 229167763315.66132, "delta_cost_bcls": 16688683.395812988, "min_cost_old": 21339272004.744503, "min_risk_old": 21269481953.628235, "min_len_old": 69790051.11626953, "find_percentage_curr_old": 0.7756076388888888, "mean_find_ratio_curr_old": 1.000004494282545, "find_percentage_total_old": 0.8355034722222222, "mean_find_ratio_total_old": 1.000054853027289, "search_advantage": 0.5020023222752388, "time_to_find": 15.307189863726279, "find_percentage": 0.1374, "comp_time": 63.434430837631226}