{"min_cost_bcls": 253837476495.22693, "curr_cost_bcls": 253837476495.22693, "curr_delta_bcls": 0.0, "init_cost_bcls": 253837476495.22693, "delta_cost_bcls": 0.0, "min_cost_old": 55765130183.67462, "min_risk_old": 23186333177.980503, "min_len_old": 32578797005.694122, "find_percentage_curr_old": 1.0, "mean_find_ratio_curr_old": 1.0, "find_percentage_total_old": 1.0, "mean_find_ratio_total_old": 1.0, "search_advantage": 0.5017701419107428, "time_to_find": 12.625817098279052, "find_percentage": 0.1006, "comp_time": 16.26074767112732}