{"min_cost_bcls": 253837432127.14056, "curr_cost_bcls": 253837432127.14056, "curr_delta_bcls": 0.0, "init_cost_bcls": 253837432127.14056, "delta_cost_bcls": 0.0, "min_cost_old": 60332678874.767525, "min_risk_old": 27753881869.073402, "min_len_old": 32578797005.694122, "find_percentage_curr_old": 1.0, "mean_find_ratio_curr_old": 1.0, "find_percentage_total_old": 1.0, "mean_find_ratio_total_old": 1.0, "search_advantage": 0.5017701419107428, "time_to_find": 12.078114032204537, "find_percentage": 0.1112, "comp_time": 16.38162636756897}