{"min_cost_bcls": 253837475190.33167, "curr_cost_bcls": 253837475190.33167, "curr_delta_bcls": 0.0, "init_cost_bcls": 253837475190.33167, "delta_cost_bcls": 0.0, "min_cost_old": 55463331260.01802, "min_risk_old": 22884534254.3239, "min_len_old": 32578797005.694122, "find_percentage_curr_old": 1.0, "mean_find_ratio_curr_old": 1.0, "find_percentage_total_old": 1.0, "mean_find_ratio_total_old": 1.0, "search_advantage": 0.5017701419107428, "time_to_find": 12.608336789111224, "find_percentage": 0.105, "comp_time": 16.38497543334961}