{"min_cost_bcls": 253837508629.909, "curr_cost_bcls": 253837508629.909, "curr_delta_bcls": 0.0, "init_cost_bcls": 253837508629.909, "delta_cost_bcls": 0.0, "min_cost_old": 54963623976.739456, "min_risk_old": 22384826971.04533, "min_len_old": 32578797005.694122, "find_percentage_curr_old": 1.0, "mean_find_ratio_curr_old": 1.0, "find_percentage_total_old": 1.0, "mean_find_ratio_total_old": 1.0, "search_advantage": 0.5017701419107428, "time_to_find": 13.08436725522823, "find_percentage": 0.1088, "comp_time": 16.298609733581543}