{"min_cost_bcls": 253837438390.46805, "curr_cost_bcls": 253837438390.46805, "curr_delta_bcls": 0.0, "init_cost_bcls": 253837438390.46805, "delta_cost_bcls": 0.0, "min_cost_old": 54359734906.16153, "min_risk_old": 21780937900.467407, "min_len_old": 32578797005.694122, "find_percentage_curr_old": 1.0, "mean_find_ratio_curr_old": 1.0, "find_percentage_total_old": 1.0, "mean_find_ratio_total_old": 1.0, "search_advantage": 0.5017701419107428, "time_to_find": 12.896461130965285, "find_percentage": 0.1008, "comp_time": 16.146531343460083}