{"min_cost_bcls": 244537919080.8224, "curr_cost_bcls": 244537919080.8224, "curr_delta_bcls": 14390375.37789917, "init_cost_bcls": 244552309456.2003, "delta_cost_bcls": 14390375.37789917, "min_cost_old": 54173397871.4613, "min_risk_old": 21592380345.504925, "min_len_old": 32581017525.956375, "find_percentage_curr_old": 0.3667534722222222, "mean_find_ratio_curr_old": 1.0000004729388834, "find_percentage_total_old": 0.3667534722222222, "mean_find_ratio_total_old": 1.0000004729388834, "search_advantage": 0.5017970134148773, "time_to_find": 10.96634221680233, "find_percentage": 0.1266, "comp_time": 16.19264817237854}