{"min_cost_bcls": 244544762622.33325, "curr_cost_bcls": 244544762622.33325, "curr_delta_bcls": 7623408.599456787, "init_cost_bcls": 244552386030.9327, "delta_cost_bcls": 7623408.599456787, "min_cost_old": 55560473577.76141, "min_risk_old": 22979456051.80504, "min_len_old": 32581017525.956375, "find_percentage_curr_old": 0.37109375, "mean_find_ratio_curr_old": 1.0000015001449358, "find_percentage_total_old": 0.37109375, "mean_find_ratio_total_old": 1.0000015001449358, "search_advantage": 0.5017976100892272, "time_to_find": 11.437315824821544, "find_percentage": 0.139, "comp_time": 26.561696529388428}