{"min_cost_bcls": 244542778231.78464, "curr_cost_bcls": 244542778231.78464, "curr_delta_bcls": 9537657.490631104, "init_cost_bcls": 244552315889.27527, "delta_cost_bcls": 9537657.490631104, "min_cost_old": 55078229204.81598, "min_risk_old": 22497211678.859604, "min_len_old": 32581017525.956375, "find_percentage_curr_old": 0.3598090277777778, "mean_find_ratio_curr_old": 1.0000009749768042, "find_percentage_total_old": 0.3598090277777778, "mean_find_ratio_total_old": 1.0000009749768042, "search_advantage": 0.5017973118236375, "time_to_find": 10.73547599174316, "find_percentage": 0.148, "comp_time": 15.795384407043457}