{"min_cost_bcls": 244540537306.4771, "curr_cost_bcls": 244540537306.4771, "curr_delta_bcls": 11800924.493896484, "init_cost_bcls": 244552338230.971, "delta_cost_bcls": 11800924.493896484, "min_cost_old": 49457692354.16803, "min_risk_old": 24979562099.293785, "min_len_old": 24478130254.87425, "find_percentage_curr_old": 0.3524305555555556, "mean_find_ratio_curr_old": 1.0000003413742893, "find_percentage_total_old": 0.3524305555555556, "mean_find_ratio_total_old": 1.0000003413742893, "search_advantage": 0.5017969328016447, "time_to_find": 10.806059110438506, "find_percentage": 0.144, "comp_time": 15.97273874282837}