{"min_cost_bcls": 244541124701.08533, "curr_cost_bcls": 244541124701.08533, "curr_delta_bcls": 11142052.605499268, "init_cost_bcls": 244552266753.69083, "delta_cost_bcls": 11142052.605499268, "min_cost_old": 55260685307.631065, "min_risk_old": 22679667781.67469, "min_len_old": 32581017525.956375, "find_percentage_curr_old": 0.3684895833333333, "mean_find_ratio_curr_old": 1.0000021782044042, "find_percentage_total_old": 0.3684895833333333, "mean_find_ratio_total_old": 1.0000021782044042, "search_advantage": 0.5017979345973681, "time_to_find": 11.36591519578358, "find_percentage": 0.1458, "comp_time": 16.35691809654236}