{"min_cost_bcls": 239953103605.83984, "curr_cost_bcls": 239953103605.83984, "curr_delta_bcls": 10210111.25579834, "init_cost_bcls": 239963313717.09564, "delta_cost_bcls": 10210111.25579834, "min_cost_old": 45285966338.18643, "min_risk_old": 23773672839.98147, "min_len_old": 21512293498.204967, "find_percentage_curr_old": 0.7664930555555556, "mean_find_ratio_curr_old": 1.0000161980608677, "find_percentage_total_old": 0.7664930555555556, "mean_find_ratio_total_old": 1.0000161980608677, "search_advantage": 0.5018935079569365, "time_to_find": 15.727561607293051, "find_percentage": 0.1478, "comp_time": 16.089908599853516}