{"min_cost_bcls": 239952565301.1924, "curr_cost_bcls": 239952565301.1924, "curr_delta_bcls": 10788792.956085205, "init_cost_bcls": 239963354094.1485, "delta_cost_bcls": 10788792.956085205, "min_cost_old": 39465237676.69939, "min_risk_old": 23079189218.437435, "min_len_old": 16386048458.261955, "find_percentage_curr_old": 0.7664930555555556, "mean_find_ratio_curr_old": 1.0000133453677975, "find_percentage_total_old": 0.7664930555555556, "mean_find_ratio_total_old": 1.0000133453677975, "search_advantage": 0.5018927064672117, "time_to_find": 16.01509267061836, "find_percentage": 0.1432, "comp_time": 15.737461566925049}