{"min_cost_bcls": 239952408544.8121, "curr_cost_bcls": 239952408544.8121, "curr_delta_bcls": 10915624.070739746, "init_cost_bcls": 239963324168.88284, "delta_cost_bcls": 10915624.070739746, "min_cost_old": 43185627732.8813, "min_risk_old": 21673334234.676334, "min_len_old": 21512293498.204967, "find_percentage_curr_old": 0.7105034722222222, "mean_find_ratio_curr_old": 1.0000187940079917, "find_percentage_total_old": 0.7105034722222222, "mean_find_ratio_total_old": 1.0000187940079917, "search_advantage": 0.5018950514480965, "time_to_find": 16.11301176518665, "find_percentage": 0.1468, "comp_time": 15.8303382396698}