{"min_cost_bcls": 239954782067.36545, "curr_cost_bcls": 239954782067.36545, "curr_delta_bcls": 8506697.111816406, "init_cost_bcls": 239963288764.47726, "delta_cost_bcls": 8506697.111816406, "min_cost_old": 34396001559.84577, "min_risk_old": 18009903401.086548, "min_len_old": 16386098158.759222, "find_percentage_curr_old": 0.7269965277777778, "mean_find_ratio_curr_old": 1.0000136243568931, "find_percentage_total_old": 0.7269965277777778, "mean_find_ratio_total_old": 1.0000136243568931, "search_advantage": 0.5018947580181035, "time_to_find": 15.626421608321918, "find_percentage": 0.1514, "comp_time": 15.5036039352417}