{"min_cost_bcls": 239957900406.96494, "curr_cost_bcls": 239957900406.96494, "curr_delta_bcls": 5408952.263397217, "init_cost_bcls": 239963309359.22833, "delta_cost_bcls": 5408952.263397217, "min_cost_old": 42199806572.0328, "min_risk_old": 20687513073.82783, "min_len_old": 21512293498.204967, "find_percentage_curr_old": 0.6571180555555556, "mean_find_ratio_curr_old": 1.0000115140089243, "find_percentage_total_old": 0.6571180555555556, "mean_find_ratio_total_old": 1.0000115140089243, "search_advantage": 0.501894878054137, "time_to_find": 16.52569928516225, "find_percentage": 0.145, "comp_time": 15.618473529815674}