{"min_cost_bcls": 235521016609.2, "curr_cost_bcls": 235521016609.2, "curr_delta_bcls": 205620.8053894043, "init_cost_bcls": 235520810988.39462, "delta_cost_bcls": 205620.8053894043, "min_cost_old": 34205849758.541862, "min_risk_old": 24414563607.744957, "min_len_old": 9791286150.796906, "find_percentage_curr_old": 0.23524305555555555, "mean_find_ratio_curr_old": 0.9999982973971098, "find_percentage_total_old": 0.23524305555555555, "mean_find_ratio_total_old": 0.9999982973971098, "search_advantage": 0.5015560334489632, "time_to_find": 9.066675401713292, "find_percentage": 0.0638, "comp_time": 15.489975452423096}