{"min_cost_bcls": 235520016505.7184, "curr_cost_bcls": 235520016505.7184, "curr_delta_bcls": 847476.7743835449, "init_cost_bcls": 235520863982.4928, "delta_cost_bcls": 847476.7743835449, "min_cost_old": 30905064429.68857, "min_risk_old": 21113785415.654774, "min_len_old": 9791279014.033794, "find_percentage_curr_old": 0.23350694444444445, "mean_find_ratio_curr_old": 0.9999987420740888, "find_percentage_total_old": 0.23350694444444445, "mean_find_ratio_total_old": 0.9999987420740888, "search_advantage": 0.5015563170581473, "time_to_find": 9.854754288250687, "find_percentage": 0.066, "comp_time": 15.472988843917847}