{"min_cost_bcls": 235521275880.788, "curr_cost_bcls": 235521275880.788, "curr_delta_bcls": 454558.2508544922, "init_cost_bcls": 235520821322.53714, "delta_cost_bcls": 454558.2508544922, "min_cost_old": 33698886973.813416, "min_risk_old": 23907593335.727283, "min_len_old": 9791293638.086132, "find_percentage_curr_old": 0.2378472222222222, "mean_find_ratio_curr_old": 0.9999987353982114, "find_percentage_total_old": 0.2378472222222222, "mean_find_ratio_total_old": 0.9999987353982114, "search_advantage": 0.5015563092284283, "time_to_find": 8.845735603497365, "find_percentage": 0.0664, "comp_time": 15.639276266098022}