{"min_cost_bcls": 235520308937.28687, "curr_cost_bcls": 235520308937.28687, "curr_delta_bcls": 481334.5112609863, "init_cost_bcls": 235520790271.79813, "delta_cost_bcls": 481334.5112609863, "min_cost_old": 34344527746.136383, "min_risk_old": 21312083032.780884, "min_len_old": 13032444713.355501, "find_percentage_curr_old": 0.23177083333333334, "mean_find_ratio_curr_old": 0.9999987407371734, "find_percentage_total_old": 0.23177083333333334, "mean_find_ratio_total_old": 0.9999987407371734, "search_advantage": 0.5015563143276112, "time_to_find": 11.021117700060605, "find_percentage": 0.0628, "comp_time": 15.357293128967285}