{"min_cost_bcls": 235520954551.2278, "curr_cost_bcls": 235520954551.2278, "curr_delta_bcls": 116496.52352905273, "init_cost_bcls": 235520838054.70428, "delta_cost_bcls": 116496.52352905273, "min_cost_old": 35247953494.778175, "min_risk_old": 22215508781.422676, "min_len_old": 13032444713.355501, "find_percentage_curr_old": 0.2339409722222222, "mean_find_ratio_curr_old": 0.9999981991599695, "find_percentage_total_old": 0.2339409722222222, "mean_find_ratio_total_old": 0.9999981991599695, "search_advantage": 0.5015559907910045, "time_to_find": 9.83878881739387, "find_percentage": 0.0602, "comp_time": 15.365495681762695}