{"min_cost_bcls": 248966489890.69867, "curr_cost_bcls": 248966489890.69867, "curr_delta_bcls": 0.0, "init_cost_bcls": 248966489890.69867, "delta_cost_bcls": 0.0, "min_cost_old": 50543285386.999115, "min_risk_old": 24480248131.236248, "min_len_old": 26063037255.76287, "find_percentage_curr_old": 1.0, "mean_find_ratio_curr_old": 1.0, "find_percentage_total_old": 1.0, "mean_find_ratio_total_old": 1.0, "search_advantage": 0.5017399456793167, "time_to_find": 20.45718711533989, "find_percentage": 0.0464, "comp_time": 16.57338309288025}