{"min_cost_bcls": 248966474091.0661, "curr_cost_bcls": 248966474091.0661, "curr_delta_bcls": 0.0, "init_cost_bcls": 248966474091.0661, "delta_cost_bcls": 0.0, "min_cost_old": 46457024459.76373, "min_risk_old": 20393987204.000862, "min_len_old": 26063037255.76287, "find_percentage_curr_old": 1.0, "mean_find_ratio_curr_old": 1.0, "find_percentage_total_old": 1.0, "mean_find_ratio_total_old": 1.0, "search_advantage": 0.5017399456793167, "time_to_find": 21.813778427283317, "find_percentage": 0.05, "comp_time": 16.265024662017822}