{"min_cost_bcls": 248966491354.63675, "curr_cost_bcls": 248966491354.63675, "curr_delta_bcls": 0.0, "init_cost_bcls": 248966491354.63675, "delta_cost_bcls": 0.0, "min_cost_old": 48744203082.89336, "min_risk_old": 22681165827.13048, "min_len_old": 26063037255.76287, "find_percentage_curr_old": 1.0, "mean_find_ratio_curr_old": 1.0, "find_percentage_total_old": 1.0, "mean_find_ratio_total_old": 1.0, "search_advantage": 0.5017399456793167, "time_to_find": 21.044409588672632, "find_percentage": 0.0494, "comp_time": 16.60744595527649}