{"min_cost_bcls": 248966476361.9585, "curr_cost_bcls": 248966476361.9585, "curr_delta_bcls": 0.0, "init_cost_bcls": 248966476361.9585, "delta_cost_bcls": 0.0, "min_cost_old": 51930649305.46091, "min_risk_old": 25867612049.69804, "min_len_old": 26063037255.76287, "find_percentage_curr_old": 1.0, "mean_find_ratio_curr_old": 1.0, "find_percentage_total_old": 1.0, "mean_find_ratio_total_old": 1.0, "search_advantage": 0.5017399456793167, "time_to_find": 21.25140003166078, "find_percentage": 0.0524, "comp_time": 16.56371760368347}