{"min_cost_bcls": 248966530225.76923, "curr_cost_bcls": 248966530225.76923, "curr_delta_bcls": 0.0, "init_cost_bcls": 248966530225.76923, "delta_cost_bcls": 0.0, "min_cost_old": 51641549841.8999, "min_risk_old": 25578512586.13703, "min_len_old": 26063037255.76287, "find_percentage_curr_old": 1.0, "mean_find_ratio_curr_old": 1.0, "find_percentage_total_old": 1.0, "mean_find_ratio_total_old": 1.0, "search_advantage": 0.5017399456793167, "time_to_find": 22.383675807979085, "find_percentage": 0.0478, "comp_time": 16.56310200691223}