{"min_cost_bcls": 244095968661.47272, "curr_cost_bcls": 244095968661.47272, "curr_delta_bcls": 0.0, "init_cost_bcls": 244095968661.47272, "delta_cost_bcls": 0.0, "min_cost_old": 43341954918.590195, "min_risk_old": 23794676614.86763, "min_len_old": 19547278303.72257, "find_percentage_curr_old": 1.0, "mean_find_ratio_curr_old": 1.0, "find_percentage_total_old": 1.0, "mean_find_ratio_total_old": 1.0, "search_advantage": 0.5017075025030087, "time_to_find": 12.657629190208654, "find_percentage": 0.1132, "comp_time": 16.371668100357056}