{"min_cost_bcls": 244095946163.15335, "curr_cost_bcls": 244095946163.15335, "curr_delta_bcls": 0.0, "init_cost_bcls": 244095946163.15335, "delta_cost_bcls": 0.0, "min_cost_old": 43833918026.90381, "min_risk_old": 24286639723.181244, "min_len_old": 19547278303.72257, "find_percentage_curr_old": 1.0, "mean_find_ratio_curr_old": 1.0, "find_percentage_total_old": 1.0, "mean_find_ratio_total_old": 1.0, "search_advantage": 0.5017075025030087, "time_to_find": 13.259358857756885, "find_percentage": 0.1168, "comp_time": 22.553781986236572}