{"min_cost_bcls": 244095932741.65924, "curr_cost_bcls": 244095932741.65924, "curr_delta_bcls": 0.0, "init_cost_bcls": 244095932741.65924, "delta_cost_bcls": 0.0, "min_cost_old": 42239175357.99792, "min_risk_old": 22691897054.27535, "min_len_old": 19547278303.72257, "find_percentage_curr_old": 1.0, "mean_find_ratio_curr_old": 1.0, "find_percentage_total_old": 1.0, "mean_find_ratio_total_old": 1.0, "search_advantage": 0.5017075025030087, "time_to_find": 12.803665584325909, "find_percentage": 0.107, "comp_time": 16.10016632080078}