{"min_cost_bcls": 244095975470.5548, "curr_cost_bcls": 244095975470.5548, "curr_delta_bcls": 0.0, "init_cost_bcls": 244095975470.5548, "delta_cost_bcls": 0.0, "min_cost_old": 39853559359.02901, "min_risk_old": 20306281055.30644, "min_len_old": 19547278303.72257, "find_percentage_curr_old": 1.0, "mean_find_ratio_curr_old": 1.0, "find_percentage_total_old": 1.0, "mean_find_ratio_total_old": 1.0, "search_advantage": 0.5017075025030087, "time_to_find": 11.845176939760826, "find_percentage": 0.1092, "comp_time": 16.803004026412964}