{"min_cost_bcls": 251807949457.2304, "curr_cost_bcls": 251807949457.2304, "curr_delta_bcls": 9935901.930847168, "init_cost_bcls": 251817885359.16125, "delta_cost_bcls": 9935901.930847168, "min_cost_old": 54721322259.40968, "min_risk_old": 21402572230.154396, "min_len_old": 33318750029.255287, "find_percentage_curr_old": 0.37109375, "mean_find_ratio_curr_old": 1.0000074468688, "find_percentage_total_old": 0.37109375, "mean_find_ratio_total_old": 1.0000074468688, "search_advantage": 0.5017375296595052, "time_to_find": 6.406941081853909, "find_percentage": 0.081, "comp_time": 15.700195789337158}