{"min_cost_bcls": 251808142019.63013, "curr_cost_bcls": 251808142019.63013, "curr_delta_bcls": 9743218.810974121, "init_cost_bcls": 251817885238.4411, "delta_cost_bcls": 9743218.810974121, "min_cost_old": 67340245740.82476, "min_risk_old": 23587150574.650475, "min_len_old": 43753095166.174286, "find_percentage_curr_old": 0.3723958333333333, "mean_find_ratio_curr_old": 1.0000075433699744, "find_percentage_total_old": 0.3723958333333333, "mean_find_ratio_total_old": 1.0000075433699744, "search_advantage": 0.5017375789195997, "time_to_find": 5.7902372128804345, "find_percentage": 0.09, "comp_time": 15.99328064918518}