{"min_cost_bcls": 251808735838.8902, "curr_cost_bcls": 251808735838.8902, "curr_delta_bcls": 9522548.389282227, "init_cost_bcls": 251818258387.27948, "delta_cost_bcls": 9522548.389282227, "min_cost_old": 68141100337.93463, "min_risk_old": 24388005171.760345, "min_len_old": 43753095166.174286, "find_percentage_curr_old": 0.3719618055555556, "mean_find_ratio_curr_old": 1.000007622869078, "find_percentage_total_old": 0.3719618055555556, "mean_find_ratio_total_old": 1.000007622869078, "search_advantage": 0.5017376098266502, "time_to_find": 6.050095028952029, "find_percentage": 0.0908, "comp_time": 15.831028938293457}