{"min_cost_bcls": 251806877623.39313, "curr_cost_bcls": 251806877623.39313, "curr_delta_bcls": 10662974.170898438, "init_cost_bcls": 251817540597.56403, "delta_cost_bcls": 10662974.170898438, "min_cost_old": 53018734991.82199, "min_risk_old": 19699978004.781033, "min_len_old": 33318756987.040962, "find_percentage_curr_old": 0.3702256944444444, "mean_find_ratio_curr_old": 1.0000071306925271, "find_percentage_total_old": 0.3702256944444444, "mean_find_ratio_total_old": 1.0000071306925271, "search_advantage": 0.5017373647279144, "time_to_find": 6.485293118497498, "find_percentage": 0.0816, "comp_time": 15.791572570800781}