{"min_cost_bcls": 251808248913.15762, "curr_cost_bcls": 251808248913.15762, "curr_delta_bcls": 9569001.090942383, "init_cost_bcls": 251817817914.24857, "delta_cost_bcls": 9569001.090942383, "min_cost_old": 65153589394.02475, "min_risk_old": 21400494227.850468, "min_len_old": 43753095166.174286, "find_percentage_curr_old": 0.3723958333333333, "mean_find_ratio_curr_old": 1.000007546844924, "find_percentage_total_old": 0.3723958333333333, "mean_find_ratio_total_old": 1.000007546844924, "search_advantage": 0.5017375905243373, "time_to_find": 5.232638877058672, "find_percentage": 0.0936, "comp_time": 16.07465672492981}