{"min_cost_bcls": 232368686826.0821, "curr_cost_bcls": 232368686826.0821, "curr_delta_bcls": 2905639.8430480957, "init_cost_bcls": 232371592465.92514, "delta_cost_bcls": 2905639.8430480957, "min_cost_old": 27534387566.118195, "min_risk_old": 21018186280.0351, "min_len_old": 6516201286.083094, "find_percentage_curr_old": 0.3715277777777778, "mean_find_ratio_curr_old": 1.000001164325572, "find_percentage_total_old": 0.3715277777777778, "mean_find_ratio_total_old": 1.000001164325572, "search_advantage": 0.501644775979442, "time_to_find": 13.264871627201778, "find_percentage": 0.106, "comp_time": 25.419074296951294}