{"min_cost_bcls": 232368288928.32266, "curr_cost_bcls": 232368288928.32266, "curr_delta_bcls": 3306360.71685791, "init_cost_bcls": 232371595289.03952, "delta_cost_bcls": 3306360.71685791, "min_cost_old": 26430883724.941612, "min_risk_old": 19914682438.85852, "min_len_old": 6516201286.083094, "find_percentage_curr_old": 0.3736979166666667, "mean_find_ratio_curr_old": 1.0000013696488042, "find_percentage_total_old": 0.3736979166666667, "mean_find_ratio_total_old": 1.0000013696488042, "search_advantage": 0.5016448743585501, "time_to_find": 13.967940480801722, "find_percentage": 0.1076, "comp_time": 15.683294534683228}