{"min_cost_bcls": 232369146487.15698, "curr_cost_bcls": 232369146487.15698, "curr_delta_bcls": 2434165.4078063965, "init_cost_bcls": 232371580652.5648, "delta_cost_bcls": 2434165.4078063965, "min_cost_old": 28919901956.29644, "min_risk_old": 22403700670.21335, "min_len_old": 6516201286.083094, "find_percentage_curr_old": 0.3719618055555556, "mean_find_ratio_curr_old": 1.0000011608340502, "find_percentage_total_old": 0.3719618055555556, "mean_find_ratio_total_old": 1.0000011608340502, "search_advantage": 0.501644780880826, "time_to_find": 13.515383638426806, "find_percentage": 0.1074, "comp_time": 15.902971982955933}