{"min_cost_bcls": 232368366721.16714, "curr_cost_bcls": 232368366721.16714, "curr_delta_bcls": 3214289.910888672, "init_cost_bcls": 232371581011.07803, "delta_cost_bcls": 3214289.910888672, "min_cost_old": 27730788134.096664, "min_risk_old": 21214586848.013573, "min_len_old": 6516201286.083094, "find_percentage_curr_old": 0.3767361111111111, "mean_find_ratio_curr_old": 1.0000013752529389, "find_percentage_total_old": 0.3767361111111111, "mean_find_ratio_total_old": 1.0000013752529389, "search_advantage": 0.501644869115877, "time_to_find": 13.773576977175997, "find_percentage": 0.1168, "comp_time": 15.865808725357056}