{"min_cost_bcls": 232368557888.67102, "curr_cost_bcls": 232368557888.67102, "curr_delta_bcls": 3030260.8485717773, "init_cost_bcls": 232371588149.5196, "delta_cost_bcls": 3030260.8485717773, "min_cost_old": 27528011030.397232, "min_risk_old": 21011809744.31414, "min_len_old": 6516201286.083094, "find_percentage_curr_old": 0.3741319444444444, "mean_find_ratio_curr_old": 1.0000013718528022, "find_percentage_total_old": 0.3741319444444444, "mean_find_ratio_total_old": 1.0000013718528022, "search_advantage": 0.5016448657305371, "time_to_find": 12.922159383867925, "find_percentage": 0.1092, "comp_time": 15.7746741771698}