{"min_cost_bcls": NaN, "curr_cost_bcls": NaN, "curr_delta_bcls": NaN, "init_cost_bcls": NaN, "delta_cost_bcls": NaN, "min_cost_old": 20687356126.802578, "min_risk_old": 20554325241.52875, "min_len_old": 133030885.27382787, "find_percentage_curr_old": 0.0, "mean_find_ratio_curr_old": NaN, "find_percentage_total_old": 0.8046875, "mean_find_ratio_total_old": 1.0002520179040502, "search_advantage": 0.5033187554531875, "time_to_find": 12.00976856266629, "find_percentage": 0.1878, "comp_time": 79.66249585151672}