{"min_cost_bcls": NaN, "curr_cost_bcls": NaN, "curr_delta_bcls": NaN, "init_cost_bcls": NaN, "delta_cost_bcls": NaN, "min_cost_old": 25262461205.229958, "min_risk_old": 22004535863.780235, "min_len_old": 3257925341.449721, "find_percentage_curr_old": 0.0, "mean_find_ratio_curr_old": NaN, "find_percentage_total_old": 0.8051215277777778, "mean_find_ratio_total_old": 1.0001820207015046, "search_advantage": 0.5026161202993489, "time_to_find": 10.32878343560074, "find_percentage": 0.218, "comp_time": 61.51939916610718}