{"min_cost_bcls": NaN, "curr_cost_bcls": NaN, "curr_delta_bcls": NaN, "init_cost_bcls": NaN, "delta_cost_bcls": NaN, "min_cost_old": 21643095069.47472, "min_risk_old": 19473518411.480064, "min_len_old": 2169576657.9946547, "find_percentage_curr_old": 0.0, "mean_find_ratio_curr_old": NaN, "find_percentage_total_old": 0.8090277777777778, "mean_find_ratio_total_old": 1.0000525975469903, "search_advantage": 0.5019995157339588, "time_to_find": 14.959722016307643, "find_percentage": 0.1358, "comp_time": 65.21992039680481}