{"min_cost_bcls": NaN, "curr_cost_bcls": NaN, "curr_delta_bcls": NaN, "init_cost_bcls": NaN, "delta_cost_bcls": NaN, "min_cost_old": 21177647577.385925, "min_risk_old": 21078902301.146667, "min_len_old": 98745276.23925793, "find_percentage_curr_old": 0.0, "mean_find_ratio_curr_old": NaN, "find_percentage_total_old": 0.8324652777777778, "mean_find_ratio_total_old": 1.0001578612082267, "search_advantage": 0.5020367096194851, "time_to_find": 14.746142937890538, "find_percentage": 0.1412, "comp_time": 46.5497100353241}