{"min_cost_bcls": NaN, "curr_cost_bcls": NaN, "curr_delta_bcls": NaN, "init_cost_bcls": NaN, "delta_cost_bcls": NaN, "min_cost_old": 20944737480.690536, "min_risk_old": 20263294832.716755, "min_len_old": 681442647.9737825, "find_percentage_curr_old": 0.0, "mean_find_ratio_curr_old": NaN, "find_percentage_total_old": 0.8229166666666666, "mean_find_ratio_total_old": 1.0002384326928724, "search_advantage": 0.5032940664574994, "time_to_find": 11.112248560983852, "find_percentage": 0.2094, "comp_time": 85.59340786933899}