{"min_cost_bcls": 244271242542.8474, "curr_cost_bcls": 244271242542.8474, "curr_delta_bcls": 2939194.751678467, "init_cost_bcls": 244268303348.09573, "delta_cost_bcls": 2939194.751678467, "min_cost_old": 45531914868.984055, "min_risk_old": 23190977535.804596, "min_len_old": 22340937333.179455, "find_percentage_curr_old": 0.3572048611111111, "mean_find_ratio_curr_old": 1.0000028061720336, "find_percentage_total_old": 0.3572048611111111, "mean_find_ratio_total_old": 1.0000028061720336, "search_advantage": 0.501756518773198, "time_to_find": 8.635031364229546, "find_percentage": 0.127, "comp_time": 16.671717166900635}