{"min_cost_bcls": 244269146258.01053, "curr_cost_bcls": 244269146258.01053, "curr_delta_bcls": 779608.8771057129, "init_cost_bcls": 244268366649.13342, "delta_cost_bcls": 779608.8771057129, "min_cost_old": 52695521570.55806, "min_risk_old": 23387810689.3241, "min_len_old": 29307710881.233955, "find_percentage_curr_old": 0.3667534722222222, "mean_find_ratio_curr_old": 1.0000033514533375, "find_percentage_total_old": 0.3667534722222222, "mean_find_ratio_total_old": 1.0000033514533375, "search_advantage": 0.5017568510292647, "time_to_find": 9.382813807466674, "find_percentage": 0.1386, "comp_time": 16.212578773498535}