{"min_cost_bcls": 244270209503.17395, "curr_cost_bcls": 244270209503.17395, "curr_delta_bcls": 1764478.816772461, "init_cost_bcls": 244268445024.35718, "delta_cost_bcls": 1764478.816772461, "min_cost_old": 53688971723.27796, "min_risk_old": 24381260842.044006, "min_len_old": 29307710881.233955, "find_percentage_curr_old": 0.3559027777777778, "mean_find_ratio_curr_old": 1.0000031310609871, "find_percentage_total_old": 0.3559027777777778, "mean_find_ratio_total_old": 1.0000031310609871, "search_advantage": 0.5017566818893189, "time_to_find": 10.240572338007684, "find_percentage": 0.1362, "comp_time": 16.134409427642822}