{"min_cost_bcls": 244267979547.7608, "curr_cost_bcls": 244267979547.7608, "curr_delta_bcls": 250890.0595703125, "init_cost_bcls": 244268230437.82037, "delta_cost_bcls": 250890.0595703125, "min_cost_old": 43539075550.81583, "min_risk_old": 21198129127.653355, "min_len_old": 22340946423.16247, "find_percentage_curr_old": 0.4227430555555556, "mean_find_ratio_curr_old": 1.000003544793947, "find_percentage_total_old": 0.4227430555555556, "mean_find_ratio_total_old": 1.000003544793947, "search_advantage": 0.5017568765953424, "time_to_find": 9.38247221497839, "find_percentage": 0.132, "comp_time": 23.713022470474243}