{"min_cost_bcls": 244269094813.2986, "curr_cost_bcls": 244269094813.2986, "curr_delta_bcls": 801387.8317565918, "init_cost_bcls": 244268293425.46686, "delta_cost_bcls": 801387.8317565918, "min_cost_old": 51006138727.28145, "min_risk_old": 21698427846.04749, "min_len_old": 29307710881.233955, "find_percentage_curr_old": 0.3667534722222222, "mean_find_ratio_curr_old": 1.0000033512127433, "find_percentage_total_old": 0.3667534722222222, "mean_find_ratio_total_old": 1.0000033512127433, "search_advantage": 0.5017568418378248, "time_to_find": 9.41054539271519, "find_percentage": 0.14, "comp_time": 16.251695156097412}