{"min_cost_bcls": 229283624198.60788, "curr_cost_bcls": 229281440333.5625, "curr_delta_bcls": 936298.0506286621, "init_cost_bcls": 229278783968.57227, "delta_cost_bcls": 4840230.035614014, "min_cost_old": 20466057504.569485, "min_risk_old": 20412715719.116657, "min_len_old": 53341785.452827066, "find_percentage_curr_old": 0.7278645833333334, "mean_find_ratio_curr_old": 1.0000015684328185, "find_percentage_total_old": 0.5720486111111112, "mean_find_ratio_total_old": 1.000024545144887, "search_advantage": 0.5017682566218258, "time_to_find": 12.892072658564876, "find_percentage": 0.1128, "comp_time": 32.247015953063965}