{"min_cost_bcls": 229288360600.61133, "curr_cost_bcls": 229283999374.74402, "curr_delta_bcls": 532915.4297790527, "init_cost_bcls": 229283538111.35492, "delta_cost_bcls": 4822489.256408691, "min_cost_old": 20466774463.195408, "min_risk_old": 20421711142.00297, "min_len_old": 45063321.192434676, "find_percentage_curr_old": 0.6549479166666666, "mean_find_ratio_curr_old": 1.0000006651688098, "find_percentage_total_old": 0.5933159722222222, "mean_find_ratio_total_old": 1.0000091187272093, "search_advantage": 0.5017671685478955, "time_to_find": 13.797054714668825, "find_percentage": 0.1092, "comp_time": 35.74121594429016}