{"min_cost_bcls": 229288335659.83752, "curr_cost_bcls": 229284384542.81705, "curr_delta_bcls": 279625.0797729492, "init_cost_bcls": 229289127354.21133, "delta_cost_bcls": 791694.3738098145, "min_cost_old": 20534219331.76739, "min_risk_old": 20417892303.143642, "min_len_old": 116327028.62374786, "find_percentage_curr_old": 0.7786458333333334, "mean_find_ratio_curr_old": 1.0000015727937632, "find_percentage_total_old": 0.7096354166666666, "mean_find_ratio_total_old": 1.0000004878139517, "search_advantage": 0.5017456699440512, "time_to_find": 13.658072102993058, "find_percentage": 0.1016, "comp_time": 34.85417056083679}