{"min_cost_bcls": 229287179269.88556, "curr_cost_bcls": 229287917686.0387, "curr_delta_bcls": 120185.00604248047, "init_cost_bcls": 229287588668.49936, "delta_cost_bcls": 409398.6138000488, "min_cost_old": 20561937457.164883, "min_risk_old": 20019566591.779373, "min_len_old": 542370865.3855084, "find_percentage_curr_old": 0.7191840277777778, "mean_find_ratio_curr_old": 1.000001512159806, "find_percentage_total_old": 0.5225694444444444, "mean_find_ratio_total_old": 1.000004698022712, "search_advantage": 0.501749359298528, "time_to_find": 12.34373132722633, "find_percentage": 0.1104, "comp_time": 38.34454894065857}