{"min_cost_bcls": 229268343923.4194, "curr_cost_bcls": 229271489291.64954, "curr_delta_bcls": 742418.5254821777, "init_cost_bcls": 229261730241.18936, "delta_cost_bcls": 6613682.230041504, "min_cost_old": 20261619825.886223, "min_risk_old": 20110220581.047455, "min_len_old": 151399244.83876917, "find_percentage_curr_old": 0.7122395833333334, "mean_find_ratio_curr_old": 1.0000010948558549, "find_percentage_total_old": 0.3962673611111111, "mean_find_ratio_total_old": 1.000005568117712, "search_advantage": 0.501730147849167, "time_to_find": 11.854697678452247, "find_percentage": 0.1028, "comp_time": 23.901072025299072}