{"min_cost_bcls": 229331045978.0975, "curr_cost_bcls": 229322166225.2941, "curr_delta_bcls": 464614.2307434082, "init_cost_bcls": 229329888582.26013, "delta_cost_bcls": 1157395.8373718262, "min_cost_old": 20003602939.29173, "min_risk_old": 19914153023.319263, "min_len_old": 89449915.9724652, "find_percentage_curr_old": 0.56640625, "mean_find_ratio_curr_old": 1.000002019751813, "find_percentage_total_old": 0.51953125, "mean_find_ratio_total_old": 1.0000383694274706, "search_advantage": 0.5017006193592635, "time_to_find": 6.707415158907954, "find_percentage": 0.0806, "comp_time": 51.892967224121094}