{"min_cost_bcls": 229306639565.73044, "curr_cost_bcls": 229281089204.1578, "curr_delta_bcls": 1474738.7468566895, "init_cost_bcls": 229304861058.10934, "delta_cost_bcls": 1778507.62109375, "min_cost_old": 20247490585.456448, "min_risk_old": 20100182700.776833, "min_len_old": 147307884.67961317, "find_percentage_curr_old": 0.4947916666666667, "mean_find_ratio_curr_old": 1.0000015233242054, "find_percentage_total_old": 0.4279513888888889, "mean_find_ratio_total_old": 1.000048005560108, "search_advantage": 0.5018434191533172, "time_to_find": 6.969113699074052, "find_percentage": 0.093, "comp_time": 45.90247583389282}