{"min_cost_bcls": 229307751106.80396, "curr_cost_bcls": 229295259859.21323, "curr_delta_bcls": 1452572.097869873, "init_cost_bcls": 229278777388.3956, "delta_cost_bcls": 28973718.408355713, "min_cost_old": 20056043082.742184, "min_risk_old": 20008842578.310368, "min_len_old": 47200504.431815386, "find_percentage_curr_old": 0.5334201388888888, "mean_find_ratio_curr_old": 1.0000026902233945, "find_percentage_total_old": 0.4652777777777778, "mean_find_ratio_total_old": 1.0000638570139548, "search_advantage": 0.5018728741150459, "time_to_find": 5.517012064560782, "find_percentage": 0.1062, "comp_time": 36.62406849861145}