{"min_cost_bcls": 229316556120.32907, "curr_cost_bcls": 229317045280.31726, "curr_delta_bcls": 3807478.060852051, "init_cost_bcls": 229321431683.5869, "delta_cost_bcls": 4875563.257843018, "min_cost_old": 21565398390.514515, "min_risk_old": 19819491500.90425, "min_len_old": 1745906889.6102638, "find_percentage_curr_old": 0.4652777777777778, "mean_find_ratio_curr_old": 1.0000039847803168, "find_percentage_total_old": 0.7087673611111112, "mean_find_ratio_total_old": 1.0000106886114584, "search_advantage": 0.5016999457002161, "time_to_find": 5.790388701490725, "find_percentage": 0.0844, "comp_time": 51.192402839660645}