{"min_cost_bcls": 229291948629.5048, "curr_cost_bcls": 229301840255.6301, "curr_delta_bcls": 32987.38507080078, "init_cost_bcls": 229294891771.33914, "delta_cost_bcls": 2943141.834350586, "min_cost_old": 20928818782.448383, "min_risk_old": 20722009283.37032, "min_len_old": 206809499.07806382, "find_percentage_curr_old": 0.4817708333333333, "mean_find_ratio_curr_old": 1.0000013691676648, "find_percentage_total_old": 0.4822048611111111, "mean_find_ratio_total_old": 1.0000338644897804, "search_advantage": 0.5017674899181855, "time_to_find": 7.423746274149582, "find_percentage": 0.0748, "comp_time": 40.30993604660034}