{"min_cost_bcls": 246293093134.58426, "curr_cost_bcls": 246293093134.58426, "curr_delta_bcls": 8386981.022277832, "init_cost_bcls": 246301480115.60654, "delta_cost_bcls": 8386981.022277832, "min_cost_old": 48715167597.80281, "min_risk_old": 22491800344.484985, "min_len_old": 26223367253.317825, "find_percentage_curr_old": 0.4049479166666667, "mean_find_ratio_curr_old": 1.0000144164576932, "find_percentage_total_old": 0.4049479166666667, "mean_find_ratio_total_old": 1.0000144164576932, "search_advantage": 0.5017589476834506, "time_to_find": 10.945239391619783, "find_percentage": 0.094, "comp_time": 15.165716171264648}