{"min_cost_bcls": 246289145698.80447, "curr_cost_bcls": 246289145698.80447, "curr_delta_bcls": 12452261.899475098, "init_cost_bcls": 246301597960.70395, "delta_cost_bcls": 12452261.899475098, "min_cost_old": 46808684950.65729, "min_risk_old": 20585332775.936253, "min_len_old": 26223352174.721035, "find_percentage_curr_old": 0.4730902777777778, "mean_find_ratio_curr_old": 1.0000237268159042, "find_percentage_total_old": 0.4730902777777778, "mean_find_ratio_total_old": 1.0000237268159042, "search_advantage": 0.5017612062046981, "time_to_find": 9.779004624117023, "find_percentage": 0.0862, "comp_time": 17.91559910774231}