{"min_cost_bcls": 246290858539.72684, "curr_cost_bcls": 246290858539.72684, "curr_delta_bcls": 10664823.808624268, "init_cost_bcls": 246301523363.53546, "delta_cost_bcls": 10664823.808624268, "min_cost_old": 57480635262.5591, "min_risk_old": 22879433529.60192, "min_len_old": 34601201732.95718, "find_percentage_curr_old": 0.5802951388888888, "mean_find_ratio_curr_old": 1.000022503691457, "find_percentage_total_old": 0.5802951388888888, "mean_find_ratio_total_old": 1.000022503691457, "search_advantage": 0.5017623757442193, "time_to_find": 9.86289316211423, "find_percentage": 0.091, "comp_time": 15.563524007797241}