{"min_cost_bcls": 246292126383.59726, "curr_cost_bcls": 246292126383.59726, "curr_delta_bcls": 9339357.125518799, "init_cost_bcls": 246301465740.72278, "delta_cost_bcls": 9339357.125518799, "min_cost_old": 47935361682.77142, "min_risk_old": 21712008310.80643, "min_len_old": 26223353371.96499, "find_percentage_curr_old": 0.4114583333333333, "mean_find_ratio_curr_old": 1.0000156199610746, "find_percentage_total_old": 0.4114583333333333, "mean_find_ratio_total_old": 1.0000156199610746, "search_advantage": 0.5017591736034475, "time_to_find": 9.118652463804928, "find_percentage": 0.096, "comp_time": 15.558340549468994}