{"min_cost_bcls": 246290600741.1632, "curr_cost_bcls": 246290600741.1632, "curr_delta_bcls": 10906422.563201904, "init_cost_bcls": 246301507163.7264, "delta_cost_bcls": 10906422.563201904, "min_cost_old": 56982283785.24361, "min_risk_old": 22381082052.28643, "min_len_old": 34601201732.95718, "find_percentage_curr_old": 0.5104166666666666, "mean_find_ratio_curr_old": 1.0000278668788907, "find_percentage_total_old": 0.5104166666666666, "mean_find_ratio_total_old": 1.0000278668788907, "search_advantage": 0.5017699727262166, "time_to_find": 10.354727793474225, "find_percentage": 0.0954, "comp_time": 32.256486892700195}