{"min_cost_bcls": NaN, "curr_cost_bcls": NaN, "curr_delta_bcls": NaN, "init_cost_bcls": NaN, "delta_cost_bcls": NaN, "min_cost_old": 21494886026.22305, "min_risk_old": 21253291727.93313, "min_len_old": 241594298.2899222, "find_percentage_curr_old": 0.0, "mean_find_ratio_curr_old": NaN, "find_percentage_total_old": 0.8146701388888888, "mean_find_ratio_total_old": 1.0001094648083253, "search_advantage": 0.5021001692013898, "time_to_find": 14.27739380548326, "find_percentage": 0.1582, "comp_time": 74.90635371208191}