{"min_cost_bcls": NaN, "curr_cost_bcls": NaN, "curr_delta_bcls": NaN, "init_cost_bcls": NaN, "delta_cost_bcls": NaN, "min_cost_old": 21552723663.339516, "min_risk_old": 21459379461.395973, "min_len_old": 93344201.94354397, "find_percentage_curr_old": 0.0, "mean_find_ratio_curr_old": NaN, "find_percentage_total_old": 0.8177083333333334, "mean_find_ratio_total_old": 1.0000669935314574, "search_advantage": 0.502065982131936, "time_to_find": 15.833499487802323, "find_percentage": 0.148, "comp_time": 68.96016812324524}