{"min_cost_bcls": NaN, "curr_cost_bcls": NaN, "curr_delta_bcls": NaN, "init_cost_bcls": NaN, "delta_cost_bcls": NaN, "min_cost_old": 21197599790.181576, "min_risk_old": 21071579206.727703, "min_len_old": 126020583.45387453, "find_percentage_curr_old": 0.0, "mean_find_ratio_curr_old": NaN, "find_percentage_total_old": 0.8185763888888888, "mean_find_ratio_total_old": 1.0000969154149075, "search_advantage": 0.5020403303257814, "time_to_find": 14.010797441804325, "find_percentage": 0.1472, "comp_time": 51.0297577381134}