{"min_cost_bcls": NaN, "curr_cost_bcls": NaN, "curr_delta_bcls": NaN, "init_cost_bcls": NaN, "delta_cost_bcls": NaN, "min_cost_old": 22152790141.150517, "min_risk_old": 21955975309.707047, "min_len_old": 196814831.44347024, "find_percentage_curr_old": 0.0, "mean_find_ratio_curr_old": NaN, "find_percentage_total_old": 0.7508680555555556, "mean_find_ratio_total_old": 1.0000531853289645, "search_advantage": 0.5020927883582778, "time_to_find": 14.997871860420483, "find_percentage": 0.1426, "comp_time": 52.41555094718933}