{"min_cost_bcls": NaN, "curr_cost_bcls": NaN, "curr_delta_bcls": NaN, "init_cost_bcls": NaN, "delta_cost_bcls": NaN, "min_cost_old": 26589795479.22167, "min_risk_old": 20373134844.255436, "min_len_old": 6216660634.966232, "find_percentage_curr_old": 0.0, "mean_find_ratio_curr_old": NaN, "find_percentage_total_old": 0.8155381944444444, "mean_find_ratio_total_old": 1.000190257528777, "search_advantage": 0.503297577815105, "time_to_find": 8.129097945312873, "find_percentage": 0.2368, "comp_time": 81.57513284683228}