{"min_cost_bcls": 229385662147.70203, "curr_cost_bcls": 229380885663.3883, "curr_delta_bcls": 628449.8686828613, "init_cost_bcls": 229387437684.37662, "delta_cost_bcls": 1775536.6745910645, "min_cost_old": 20468431297.005882, "min_risk_old": 20434750806.27723, "min_len_old": 33680490.72865125, "find_percentage_curr_old": 0.5394965277777778, "mean_find_ratio_curr_old": 0.9999997516051687, "find_percentage_total_old": 0.71484375, "mean_find_ratio_total_old": 1.000054119105914, "search_advantage": 0.5016455340471913, "time_to_find": 12.82109035838251, "find_percentage": 0.0412, "comp_time": 30.901264190673828}