{"min_cost_bcls": 229391229230.72577, "curr_cost_bcls": 229390017055.11185, "curr_delta_bcls": 575328.2109680176, "init_cost_bcls": 229393137853.56332, "delta_cost_bcls": 1908622.8375549316, "min_cost_old": 18709504286.139347, "min_risk_old": 18639646345.57265, "min_len_old": 69857940.56669715, "find_percentage_curr_old": 0.7052951388888888, "mean_find_ratio_curr_old": 1.0000029348624249, "find_percentage_total_old": 0.6119791666666666, "mean_find_ratio_total_old": 1.000006502176761, "search_advantage": 0.5016365305225267, "time_to_find": 7.44775549008447, "find_percentage": 0.05, "comp_time": 32.64470553398132}