{"min_cost_bcls": 229376763754.45633, "curr_cost_bcls": 229372500197.1347, "curr_delta_bcls": 662243.5165100098, "init_cost_bcls": 229401412876.43057, "delta_cost_bcls": 24649121.974243164, "min_cost_old": 18749408653.09456, "min_risk_old": 18735865317.52109, "min_len_old": 13543335.57346589, "find_percentage_curr_old": 0.5993923611111112, "mean_find_ratio_curr_old": 0.9999998010475015, "find_percentage_total_old": 0.7677951388888888, "mean_find_ratio_total_old": 1.0000675151971796, "search_advantage": 0.501644894134162, "time_to_find": 14.639384441346792, "find_percentage": 0.034, "comp_time": 31.68018364906311}