{"min_cost_bcls": 229389799122.04993, "curr_cost_bcls": 229388895320.81625, "curr_delta_bcls": 179395.10250854492, "init_cost_bcls": 229399732326.52286, "delta_cost_bcls": 9933204.472930908, "min_cost_old": 19515797164.142586, "min_risk_old": 19424646393.214844, "min_len_old": 91150770.92774275, "find_percentage_curr_old": 0.5373263888888888, "mean_find_ratio_curr_old": 0.9999997674483557, "find_percentage_total_old": 0.7782118055555556, "mean_find_ratio_total_old": 1.000035259910798, "search_advantage": 0.5016515709091782, "time_to_find": 10.625012582047919, "find_percentage": 0.0396, "comp_time": 44.13631296157837}