{"min_cost_bcls": 229395762046.59464, "curr_cost_bcls": 229395819264.85422, "curr_delta_bcls": 113174.54125976562, "init_cost_bcls": 229395131761.98688, "delta_cost_bcls": 630284.6077575684, "min_cost_old": 19759328640.14693, "min_risk_old": 19723728159.589222, "min_len_old": 35600480.55770877, "find_percentage_curr_old": 0.76171875, "mean_find_ratio_curr_old": 1.0000006408178272, "find_percentage_total_old": 0.6657986111111112, "mean_find_ratio_total_old": 1.0000324829347973, "search_advantage": 0.5016462864262894, "time_to_find": 9.693377667327194, "find_percentage": 0.0358, "comp_time": 23.627525091171265}