{"min_cost_bcls": 229245788511.7232, "curr_cost_bcls": 229225580801.35608, "curr_delta_bcls": 2217615.5401000977, "init_cost_bcls": 229260766692.60153, "delta_cost_bcls": 14978180.878326416, "min_cost_old": 19670233770.922226, "min_risk_old": 19515081531.991283, "min_len_old": 155152238.93094328, "find_percentage_curr_old": 0.5707465277777778, "mean_find_ratio_curr_old": 1.00000156597042, "find_percentage_total_old": 0.5217013888888888, "mean_find_ratio_total_old": 1.0000899687042508, "search_advantage": 0.5018958902371238, "time_to_find": 10.11394937483947, "find_percentage": 0.1328, "comp_time": 40.841636657714844}