{"min_cost_bcls": 229246892921.26215, "curr_cost_bcls": 229219488338.4445, "curr_delta_bcls": 2378557.810394287, "init_cost_bcls": 229257897571.4026, "delta_cost_bcls": 11004650.140441895, "min_cost_old": 19329596449.174843, "min_risk_old": 19305161416.708244, "min_len_old": 24435032.466597702, "find_percentage_curr_old": 0.6558159722222222, "mean_find_ratio_curr_old": 1.0000007417168613, "find_percentage_total_old": 0.4366319444444444, "mean_find_ratio_total_old": 1.000053485099408, "search_advantage": 0.5018762899850626, "time_to_find": 11.500253720050729, "find_percentage": 0.1346, "comp_time": 37.40091156959534}