{"min_cost_bcls": 229273665401.46613, "curr_cost_bcls": 229253654339.57288, "curr_delta_bcls": 2778426.610229492, "init_cost_bcls": 229273178693.8602, "delta_cost_bcls": 486707.6059265137, "min_cost_old": 20980511437.147083, "min_risk_old": 20900825364.417892, "min_len_old": 79686072.7291921, "find_percentage_curr_old": 0.4526909722222222, "mean_find_ratio_curr_old": 1.0000017557521812, "find_percentage_total_old": 0.4965277777777778, "mean_find_ratio_total_old": 1.0000570059782368, "search_advantage": 0.501826414969565, "time_to_find": 11.635758119330847, "find_percentage": 0.1276, "comp_time": 42.18868637084961}