{"min_cost_bcls": 229255853704.7237, "curr_cost_bcls": 229245950236.04694, "curr_delta_bcls": 678290.7711181641, "init_cost_bcls": 229243188392.02618, "delta_cost_bcls": 12665312.697509766, "min_cost_old": 20507547657.641605, "min_risk_old": 20401803578.682465, "min_len_old": 105744078.9591418, "find_percentage_curr_old": 0.4131944444444444, "mean_find_ratio_curr_old": 1.0000006089503353, "find_percentage_total_old": 0.3402777777777778, "mean_find_ratio_total_old": 1.0000432612360894, "search_advantage": 0.5019012718022491, "time_to_find": 11.640953640858305, "find_percentage": 0.1358, "comp_time": 40.10363483428955}