{"min_cost_bcls": 229248350785.7838, "curr_cost_bcls": 229254561881.54297, "curr_delta_bcls": 750576.7618103027, "init_cost_bcls": 229245623722.38467, "delta_cost_bcls": 2727063.3991394043, "min_cost_old": 20535657660.233543, "min_risk_old": 20408817073.30609, "min_len_old": 126840586.92745054, "find_percentage_curr_old": 0.5525173611111112, "mean_find_ratio_curr_old": 1.0000012264437919, "find_percentage_total_old": 0.5529513888888888, "mean_find_ratio_total_old": 1.0000409088055582, "search_advantage": 0.5018161015420468, "time_to_find": 9.673828552334948, "find_percentage": 0.1484, "comp_time": 36.0781786441803}