{"min_cost_bcls": 228706659588.00418, "curr_cost_bcls": 228681693060.82614, "curr_delta_bcls": 10174078.361083984, "init_cost_bcls": 228673132548.9746, "delta_cost_bcls": 33527039.029571533, "min_cost_old": 20522845297.793823, "min_risk_old": 20156619699.36134, "min_len_old": 366225598.432484, "find_percentage_curr_old": 0.4986979166666667, "mean_find_ratio_curr_old": 1.0000099817045696, "find_percentage_total_old": 0.4192708333333333, "mean_find_ratio_total_old": 1.0002296083529305, "search_advantage": 0.5027575865776537, "time_to_find": 5.513589107422646, "find_percentage": 0.2508, "comp_time": 83.01979541778564}