{"min_cost_bcls": 229155593303.1057, "curr_cost_bcls": 229144988803.30634, "curr_delta_bcls": 5142232.018035889, "init_cost_bcls": 229183504204.95105, "delta_cost_bcls": 27910901.845336914, "min_cost_old": 20574717721.770752, "min_risk_old": 20395406209.3913, "min_len_old": 179311512.37945366, "find_percentage_curr_old": 0.6401909722222222, "mean_find_ratio_curr_old": 1.000002203043868, "find_percentage_total_old": 0.56640625, "mean_find_ratio_total_old": 1.000132157003294, "search_advantage": 0.5020525383737368, "time_to_find": 8.44328415424172, "find_percentage": 0.1538, "comp_time": 64.37499856948853}