{"min_cost_bcls": 229175548690.98337, "curr_cost_bcls": 229158223857.85046, "curr_delta_bcls": 6666873.153381348, "init_cost_bcls": 229165224320.45413, "delta_cost_bcls": 10324370.52923584, "min_cost_old": 20115550345.66229, "min_risk_old": 19994970667.775497, "min_len_old": 120579677.88679199, "find_percentage_curr_old": 0.5212673611111112, "mean_find_ratio_curr_old": 1.0000067261145216, "find_percentage_total_old": 0.4140625, "mean_find_ratio_total_old": 1.0000617503848843, "search_advantage": 0.5019365265532156, "time_to_find": 9.166859245820909, "find_percentage": 0.1636, "comp_time": 59.05908703804016}