{"min_cost_bcls": 229202229627.01294, "curr_cost_bcls": 229193784599.60532, "curr_delta_bcls": 1666827.7318725586, "init_cost_bcls": 229189685843.5134, "delta_cost_bcls": 12543783.499542236, "min_cost_old": 21104976861.87208, "min_risk_old": 20795858049.10033, "min_len_old": 309118812.77175236, "find_percentage_curr_old": 0.4505208333333333, "mean_find_ratio_curr_old": 1.000004373472231, "find_percentage_total_old": 0.5855034722222222, "mean_find_ratio_total_old": 1.000017142972609, "search_advantage": 0.5019240002578162, "time_to_find": 8.016115455361582, "find_percentage": 0.172, "comp_time": 66.41907978057861}