{"min_cost_bcls": 229196750355.61514, "curr_cost_bcls": 229188111660.61948, "curr_delta_bcls": 4640485.278991699, "init_cost_bcls": 229182855852.57718, "delta_cost_bcls": 13894503.037963867, "min_cost_old": 20918668137.466557, "min_risk_old": 20795943819.721252, "min_len_old": 122724317.74530327, "find_percentage_curr_old": 0.5902777777777778, "mean_find_ratio_curr_old": 1.0000043275171902, "find_percentage_total_old": 0.4822048611111111, "mean_find_ratio_total_old": 1.0000387322284279, "search_advantage": 0.5019327814533807, "time_to_find": 8.923378892004127, "find_percentage": 0.1642, "comp_time": 50.525094747543335}