{"min_cost_bcls": 237253649738.86768, "curr_cost_bcls": 237253649738.86768, "curr_delta_bcls": 3193767.4512634277, "init_cost_bcls": 237256843506.31894, "delta_cost_bcls": 3193767.4512634277, "min_cost_old": 33221518485.07165, "min_risk_old": 21716662059.010643, "min_len_old": 11504856426.061008, "find_percentage_curr_old": 0.3732638888888889, "mean_find_ratio_curr_old": 1.0000025648531061, "find_percentage_total_old": 0.3732638888888889, "mean_find_ratio_total_old": 1.0000025648531061, "search_advantage": 0.5015643681990958, "time_to_find": 12.264755681668618, "find_percentage": 0.0446, "comp_time": 15.268830060958862}