{"min_cost_bcls": 237253761341.30258, "curr_cost_bcls": 237253761341.30258, "curr_delta_bcls": 3191885.3527526855, "init_cost_bcls": 237256953226.65533, "delta_cost_bcls": 3191885.3527526855, "min_cost_old": 37428825854.780655, "min_risk_old": 22409621315.03998, "min_len_old": 15019204539.74067, "find_percentage_curr_old": 0.3732638888888889, "mean_find_ratio_curr_old": 1.0000025643346468, "find_percentage_total_old": 0.3732638888888889, "mean_find_ratio_total_old": 1.0000025643346468, "search_advantage": 0.501564367870093, "time_to_find": 10.312818596934202, "find_percentage": 0.0532, "comp_time": 15.287197828292847}