{"min_cost_bcls": 237253402999.326, "curr_cost_bcls": 237253402999.326, "curr_delta_bcls": 3551194.713165283, "init_cost_bcls": 237256954194.03915, "delta_cost_bcls": 3551194.713165283, "min_cost_old": 35518458373.42604, "min_risk_old": 24013602047.815735, "min_len_old": 11504856325.610302, "find_percentage_curr_old": 0.3719618055555556, "mean_find_ratio_curr_old": 1.0000024371574914, "find_percentage_total_old": 0.3719618055555556, "mean_find_ratio_total_old": 1.0000024371574914, "search_advantage": 0.5015642959458191, "time_to_find": 10.742206176221014, "find_percentage": 0.0514, "comp_time": 15.77689003944397}