{"min_cost_bcls": 237253339077.63397, "curr_cost_bcls": 237253339077.63397, "curr_delta_bcls": 3572446.9365844727, "init_cost_bcls": 237256911524.57056, "delta_cost_bcls": 3572446.9365844727, "min_cost_old": 34427705387.599075, "min_risk_old": 22922827430.01413, "min_len_old": 11504877957.584946, "find_percentage_curr_old": 0.3719618055555556, "mean_find_ratio_curr_old": 1.0000024000104843, "find_percentage_total_old": 0.3719618055555556, "mean_find_ratio_total_old": 1.0000024000104843, "search_advantage": 0.5015642862354437, "time_to_find": 10.078038918108446, "find_percentage": 0.0488, "comp_time": 15.315229415893555}