{"min_cost_bcls": 237253479622.06638, "curr_cost_bcls": 237253479622.06638, "curr_delta_bcls": 3367494.3928222656, "init_cost_bcls": 237256847116.4592, "delta_cost_bcls": 3367494.3928222656, "min_cost_old": 37839778195.3495, "min_risk_old": 22820573655.608837, "min_len_old": 15019204539.74067, "find_percentage_curr_old": 0.3723958333333333, "mean_find_ratio_curr_old": 1.000002479283671, "find_percentage_total_old": 0.3723958333333333, "mean_find_ratio_total_old": 1.000002479283671, "search_advantage": 0.501564320764626, "time_to_find": 10.101396642775589, "find_percentage": 0.052, "comp_time": 15.721283197402954}