{"min_cost_bcls": 229053565904.30737, "curr_cost_bcls": 229051350000.0828, "curr_delta_bcls": 3634850.9684143066, "init_cost_bcls": 229126441634.50714, "delta_cost_bcls": 72875730.19976807, "min_cost_old": 20439206290.576004, "min_risk_old": 20273037606.651794, "min_len_old": 166168683.9242094, "find_percentage_curr_old": 0.7152777777777778, "mean_find_ratio_curr_old": 0.9999987316054104, "find_percentage_total_old": 0.8185763888888888, "mean_find_ratio_total_old": 1.0001228279823566, "search_advantage": 0.50214965852844, "time_to_find": 13.606346393036274, "find_percentage": 0.1654, "comp_time": 77.37258195877075}