{"min_cost_bcls": NaN, "curr_cost_bcls": NaN, "curr_delta_bcls": NaN, "init_cost_bcls": NaN, "delta_cost_bcls": NaN, "min_cost_old": 21289641561.164627, "min_risk_old": 20960652334.652084, "min_len_old": 328989226.5125442, "find_percentage_curr_old": 0.0, "mean_find_ratio_curr_old": NaN, "find_percentage_total_old": 0.8172743055555556, "mean_find_ratio_total_old": 1.0001274421375006, "search_advantage": 0.5020690265368809, "time_to_find": 13.824261006735014, "find_percentage": 0.1474, "comp_time": 87.12055993080139}