{"min_cost_bcls": 228998309733.45847, "curr_cost_bcls": 228992109000.1776, "curr_delta_bcls": 4072300.716491699, "init_cost_bcls": 229040145834.44482, "delta_cost_bcls": 41836100.98635864, "min_cost_old": 20121332213.367332, "min_risk_old": 19858722500.676575, "min_len_old": 262609712.69075885, "find_percentage_curr_old": 0.7860243055555556, "mean_find_ratio_curr_old": 1.0000086730803657, "find_percentage_total_old": 0.7899305555555556, "mean_find_ratio_total_old": 1.0001352829768644, "search_advantage": 0.5022132027694767, "time_to_find": 14.5788428324343, "find_percentage": 0.1384, "comp_time": 71.36253142356873}