{"min_cost_bcls": NaN, "curr_cost_bcls": NaN, "curr_delta_bcls": NaN, "init_cost_bcls": NaN, "delta_cost_bcls": NaN, "min_cost_old": 21322170230.786232, "min_risk_old": 21063980103.97686, "min_len_old": 258190126.80937284, "find_percentage_curr_old": 0.0, "mean_find_ratio_curr_old": NaN, "find_percentage_total_old": 0.8372395833333334, "mean_find_ratio_total_old": 1.0001518921496226, "search_advantage": 0.5021105793319305, "time_to_find": 13.182007352367949, "find_percentage": 0.1782, "comp_time": 86.36055779457092}