{"min_cost_bcls": 229025880062.78354, "curr_cost_bcls": 229001324760.27127, "curr_delta_bcls": 2529029.067779541, "init_cost_bcls": 229049513298.764, "delta_cost_bcls": 23633235.98046875, "min_cost_old": 20351886773.60702, "min_risk_old": 20274088854.293728, "min_len_old": 77797919.31329526, "find_percentage_curr_old": 0.71875, "mean_find_ratio_curr_old": 1.0000044896579203, "find_percentage_total_old": 0.8155381944444444, "mean_find_ratio_total_old": 1.0000792243443597, "search_advantage": 0.5020992421609406, "time_to_find": 15.128674262143516, "find_percentage": 0.157, "comp_time": 82.14889216423035}