{"min_cost_bcls": 235852334131.27325, "curr_cost_bcls": 235852334131.27325, "curr_delta_bcls": 3428424.5565490723, "init_cost_bcls": 235855762555.8298, "delta_cost_bcls": 3428424.5565490723, "min_cost_old": 36333098899.4959, "min_risk_old": 23095600334.50733, "min_len_old": 13237498564.988573, "find_percentage_curr_old": 0.5321180555555556, "mean_find_ratio_curr_old": 1.0000059612897363, "find_percentage_total_old": 0.5321180555555556, "mean_find_ratio_total_old": 1.0000059612897363, "search_advantage": 0.5016720146573418, "time_to_find": 13.615395373470719, "find_percentage": 0.0834, "comp_time": 15.283674478530884}