{"min_cost_bcls": 235849814229.02063, "curr_cost_bcls": 235849814229.02063, "curr_delta_bcls": 5905633.342285156, "init_cost_bcls": 235855719862.3629, "delta_cost_bcls": 5905633.342285156, "min_cost_old": 35030497581.19947, "min_risk_old": 21792999016.210896, "min_len_old": 13237498564.988573, "find_percentage_curr_old": 0.4735243055555556, "mean_find_ratio_curr_old": 1.0000117621704918, "find_percentage_total_old": 0.4735243055555556, "mean_find_ratio_total_old": 1.0000117621704918, "search_advantage": 0.5016722663740123, "time_to_find": 15.206703491843273, "find_percentage": 0.0792, "comp_time": 15.628034830093384}