{"min_cost_bcls": 235849760406.8291, "curr_cost_bcls": 235849760406.8291, "curr_delta_bcls": 5910378.872375488, "init_cost_bcls": 235855670785.70148, "delta_cost_bcls": 5910378.872375488, "min_cost_old": 32306677326.22537, "min_risk_old": 22297151948.047436, "min_len_old": 10009525378.177933, "find_percentage_curr_old": 0.47265625, "mean_find_ratio_curr_old": 1.0000115940611554, "find_percentage_total_old": 0.47265625, "mean_find_ratio_total_old": 1.0000115940611554, "search_advantage": 0.501672205575149, "time_to_find": 14.300069666405589, "find_percentage": 0.081, "comp_time": 15.091879844665527}