{"min_cost_bcls": 235853097363.3089, "curr_cost_bcls": 235853097363.3089, "curr_delta_bcls": 2630018.8712768555, "init_cost_bcls": 235855727382.18018, "delta_cost_bcls": 2630018.8712768555, "min_cost_old": 32940554941.083656, "min_risk_old": 19703056376.09508, "min_len_old": 13237498564.988573, "find_percentage_curr_old": 0.5095486111111112, "mean_find_ratio_curr_old": 1.0000051951953113, "find_percentage_total_old": 0.5095486111111112, "mean_find_ratio_total_old": 1.0000051951953113, "search_advantage": 0.501674217766958, "time_to_find": 14.458667263386582, "find_percentage": 0.0788, "comp_time": 15.455927610397339}