{"min_cost_bcls": 235851971334.53787, "curr_cost_bcls": 235851971334.53787, "curr_delta_bcls": 3739565.1735839844, "init_cost_bcls": 235855710899.71146, "delta_cost_bcls": 3739565.1735839844, "min_cost_old": 33292847286.69739, "min_risk_old": 23283335895.67592, "min_len_old": 10009511391.021473, "find_percentage_curr_old": 0.4110243055555556, "mean_find_ratio_curr_old": 1.0000064846995274, "find_percentage_total_old": 0.4110243055555556, "mean_find_ratio_total_old": 1.0000064846995274, "search_advantage": 0.5016711074729779, "time_to_find": 14.947256142044983, "find_percentage": 0.0826, "comp_time": 15.456321239471436}