{"min_cost_bcls": 229339964907.48993, "curr_cost_bcls": 229345127168.12213, "curr_delta_bcls": 747103.3759155273, "init_cost_bcls": 229352605302.07187, "delta_cost_bcls": 12640394.581939697, "min_cost_old": 21093218814.192272, "min_risk_old": 19829001479.942413, "min_len_old": 1264217334.249858, "find_percentage_curr_old": 0.4366319444444444, "mean_find_ratio_curr_old": 1.00000262887173, "find_percentage_total_old": 0.4001736111111111, "mean_find_ratio_total_old": 1.0000251465882293, "search_advantage": 0.50167278149221, "time_to_find": 5.159847841951115, "find_percentage": 0.0934, "comp_time": 62.02875304222107}