{"min_cost_bcls": 229349450454.17722, "curr_cost_bcls": 229318901881.6443, "curr_delta_bcls": 5354742.505859375, "init_cost_bcls": 229355486630.08224, "delta_cost_bcls": 6036175.905029297, "min_cost_old": 20302487998.188286, "min_risk_old": 20208458393.344353, "min_len_old": 94029604.84393188, "find_percentage_curr_old": 0.4596354166666667, "mean_find_ratio_curr_old": 1.0000024079628356, "find_percentage_total_old": 0.4422743055555556, "mean_find_ratio_total_old": 1.0000424933152703, "search_advantage": 0.5017520867247129, "time_to_find": 7.958049462792779, "find_percentage": 0.0744, "comp_time": 36.91822934150696}