{"min_cost_bcls": 229351273611.26187, "curr_cost_bcls": 229344887271.73856, "curr_delta_bcls": 245239.9779663086, "init_cost_bcls": 229350939875.68332, "delta_cost_bcls": 333735.5785522461, "min_cost_old": 20667824673.00929, "min_risk_old": 20306928950.441986, "min_len_old": 360895722.56730163, "find_percentage_curr_old": 0.4040798611111111, "mean_find_ratio_curr_old": 1.0000033569322235, "find_percentage_total_old": 0.3480902777777778, "mean_find_ratio_total_old": 0.999999414050263, "search_advantage": 0.5016476612136762, "time_to_find": 6.7848463890717525, "find_percentage": 0.0828, "comp_time": 50.27295255661011}