{"min_cost_bcls": 229339083432.30307, "curr_cost_bcls": 229330527239.93524, "curr_delta_bcls": 143387.71878051758, "init_cost_bcls": 229344599456.70392, "delta_cost_bcls": 5516024.400848389, "min_cost_old": 20256670118.432663, "min_risk_old": 20216721813.86971, "min_len_old": 39948304.56295385, "find_percentage_curr_old": 0.3411458333333333, "mean_find_ratio_curr_old": 1.000000280588419, "find_percentage_total_old": 0.4605034722222222, "mean_find_ratio_total_old": 1.0000497062427294, "search_advantage": 0.5017720837010571, "time_to_find": 7.6323308320914345, "find_percentage": 0.07, "comp_time": 40.4034583568573}