{"min_cost_bcls": 229373582413.79556, "curr_cost_bcls": 229361018764.16943, "curr_delta_bcls": 2047219.3541870117, "init_cost_bcls": 229365944221.69016, "delta_cost_bcls": 7638192.105407715, "min_cost_old": 21041143162.924393, "min_risk_old": 20917986035.29331, "min_len_old": 123157127.63108504, "find_percentage_curr_old": 0.4340277777777778, "mean_find_ratio_curr_old": 1.0000015188625797, "find_percentage_total_old": 0.5217013888888888, "mean_find_ratio_total_old": 1.0000345777719717, "search_advantage": 0.501671535916274, "time_to_find": 6.771039411187309, "find_percentage": 0.0824, "comp_time": 59.696834564208984}