{"min_cost_bcls": 244524531056.01666, "curr_cost_bcls": 244524531056.01666, "curr_delta_bcls": 6570850.219177246, "init_cost_bcls": 244531101906.23584, "delta_cost_bcls": 6570850.219177246, "min_cost_old": 52686581855.895065, "min_risk_old": 23304193746.96215, "min_len_old": 29382388108.93291, "find_percentage_curr_old": 0.375, "mean_find_ratio_curr_old": 1.0000050448268836, "find_percentage_total_old": 0.375, "mean_find_ratio_total_old": 1.0000050448268836, "search_advantage": 0.50165128031051, "time_to_find": 6.02218509094594, "find_percentage": 0.0778, "comp_time": 15.575972080230713}