{"min_cost_bcls": 244524744297.6198, "curr_cost_bcls": 244524744297.6198, "curr_delta_bcls": 6380455.001220703, "init_cost_bcls": 244531124752.62103, "delta_cost_bcls": 6380455.001220703, "min_cost_old": 50386151231.64673, "min_risk_old": 21003763122.713814, "min_len_old": 29382388108.93291, "find_percentage_curr_old": 0.375, "mean_find_ratio_curr_old": 1.0000050832848473, "find_percentage_total_old": 0.375, "mean_find_ratio_total_old": 1.0000050832848473, "search_advantage": 0.5016513024065976, "time_to_find": 6.708681525803278, "find_percentage": 0.081, "comp_time": 15.630630493164062}