{"min_cost_bcls": 244523606199.57886, "curr_cost_bcls": 244523606199.57886, "curr_delta_bcls": 7104480.483795166, "init_cost_bcls": 244530710680.06265, "delta_cost_bcls": 7104480.483795166, "min_cost_old": 45009743169.1956, "min_risk_old": 22603085578.746, "min_len_old": 22406657590.4496, "find_percentage_curr_old": 0.3736979166666667, "mean_find_ratio_curr_old": 1.0000048691807595, "find_percentage_total_old": 0.3736979166666667, "mean_find_ratio_total_old": 1.0000048691807595, "search_advantage": 0.5016511773516161, "time_to_find": 6.687945495644678, "find_percentage": 0.0684, "comp_time": 15.406708240509033}