{"min_cost_bcls": 244523672629.15628, "curr_cost_bcls": 244523672629.15628, "curr_delta_bcls": 7127135.976348877, "init_cost_bcls": 244530799765.13263, "delta_cost_bcls": 7127135.976348877, "min_cost_old": 44710107235.00992, "min_risk_old": 22303428051.11156, "min_len_old": 22406679183.89836, "find_percentage_curr_old": 0.3732638888888889, "mean_find_ratio_curr_old": 1.0000048053723711, "find_percentage_total_old": 0.3732638888888889, "mean_find_ratio_total_old": 1.0000048053723711, "search_advantage": 0.5016511591628944, "time_to_find": 7.767420085319591, "find_percentage": 0.0708, "comp_time": 15.453284502029419}