{"min_cost_bcls": 244523717452.2124, "curr_cost_bcls": 244523717452.2124, "curr_delta_bcls": 7101999.281799316, "init_cost_bcls": 244530819451.4942, "delta_cost_bcls": 7101999.281799316, "min_cost_old": 50587273007.4324, "min_risk_old": 21204884898.499496, "min_len_old": 29382388108.93291, "find_percentage_curr_old": 0.3728298611111111, "mean_find_ratio_curr_old": 1.000004836379332, "find_percentage_total_old": 0.3728298611111111, "mean_find_ratio_total_old": 1.000004836379332, "search_advantage": 0.5016511679038429, "time_to_find": 6.416274514443294, "find_percentage": 0.0846, "comp_time": 15.996638059616089}