{"min_cost_bcls": 234159289646.90567, "curr_cost_bcls": 234159289646.90567, "curr_delta_bcls": 0.0, "init_cost_bcls": 234159289646.90567, "delta_cost_bcls": 0.0, "min_cost_old": 29890737154.941223, "min_risk_old": 23374995732.2961, "min_len_old": 6515741422.645124, "find_percentage_curr_old": 1.0, "mean_find_ratio_curr_old": 1.0, "find_percentage_total_old": 1.0, "mean_find_ratio_total_old": 1.0, "search_advantage": 0.501832391503587, "time_to_find": 17.262491166145544, "find_percentage": 0.128, "comp_time": 17.1312415599823}