{"min_cost_bcls": 234159276536.18015, "curr_cost_bcls": 234159276536.18015, "curr_delta_bcls": 0.0, "init_cost_bcls": 234159276536.18015, "delta_cost_bcls": 0.0, "min_cost_old": 29182856278.909958, "min_risk_old": 22667114856.264835, "min_len_old": 6515741422.645124, "find_percentage_curr_old": 1.0, "mean_find_ratio_curr_old": 1.0, "find_percentage_total_old": 1.0, "mean_find_ratio_total_old": 1.0, "search_advantage": 0.501832391503587, "time_to_find": 18.016318430887758, "find_percentage": 0.1336, "comp_time": 17.04476261138916}