{"min_cost_bcls": 234159283401.58862, "curr_cost_bcls": 234159283401.58862, "curr_delta_bcls": 0.0, "init_cost_bcls": 234159283401.58862, "delta_cost_bcls": 0.0, "min_cost_old": 30181062207.506226, "min_risk_old": 23665320784.8611, "min_len_old": 6515741422.645124, "find_percentage_curr_old": 1.0, "mean_find_ratio_curr_old": 1.0, "find_percentage_total_old": 1.0, "mean_find_ratio_total_old": 1.0, "search_advantage": 0.501832391503587, "time_to_find": 17.975647578770626, "find_percentage": 0.1344, "comp_time": 16.687039136886597}