{"min_cost_bcls": 234159271715.42953, "curr_cost_bcls": 234159271715.42953, "curr_delta_bcls": 0.0, "init_cost_bcls": 234159271715.42953, "delta_cost_bcls": 0.0, "min_cost_old": 27988725439.774033, "min_risk_old": 21472984017.12891, "min_len_old": 6515741422.645124, "find_percentage_curr_old": 1.0, "mean_find_ratio_curr_old": 1.0, "find_percentage_total_old": 1.0, "mean_find_ratio_total_old": 1.0, "search_advantage": 0.501832391503587, "time_to_find": 17.18545387380849, "find_percentage": 0.1232, "comp_time": 17.12764072418213}