{"min_cost_bcls": 234159297801.5603, "curr_cost_bcls": 234159297801.5603, "curr_delta_bcls": 0.0, "init_cost_bcls": 234159297801.5603, "delta_cost_bcls": 0.0, "min_cost_old": 30191982150.450897, "min_risk_old": 23676240727.805775, "min_len_old": 6515741422.645124, "find_percentage_curr_old": 1.0, "mean_find_ratio_curr_old": 1.0, "find_percentage_total_old": 1.0, "mean_find_ratio_total_old": 1.0, "search_advantage": 0.501832391503587, "time_to_find": 17.9644656919599, "find_percentage": 0.1298, "comp_time": 16.86626124382019}