{"min_cost_bcls": 239225150764.97958, "curr_cost_bcls": 239225150764.97958, "curr_delta_bcls": 0.0, "init_cost_bcls": 239225150764.97958, "delta_cost_bcls": 0.0, "min_cost_old": 37220816140.45484, "min_risk_old": 24189289827.45768, "min_len_old": 13031526312.99716, "find_percentage_curr_old": 1.0, "mean_find_ratio_curr_old": 1.0, "find_percentage_total_old": 1.0, "mean_find_ratio_total_old": 1.0, "search_advantage": 0.5016758645040523, "time_to_find": 14.554131320133141, "find_percentage": 0.081, "comp_time": 18.44584321975708}