{"min_cost_bcls": 239225163745.48584, "curr_cost_bcls": 239225163745.48584, "curr_delta_bcls": 0.0, "init_cost_bcls": 239225163745.48584, "delta_cost_bcls": 0.0, "min_cost_old": 34336394077.305954, "min_risk_old": 21304867764.308792, "min_len_old": 13031526312.99716, "find_percentage_curr_old": 1.0, "mean_find_ratio_curr_old": 1.0, "find_percentage_total_old": 1.0, "mean_find_ratio_total_old": 1.0, "search_advantage": 0.5016758645040523, "time_to_find": 13.867434025187185, "find_percentage": 0.0874, "comp_time": 16.327685117721558}