{"min_cost_bcls": 239225143476.3252, "curr_cost_bcls": 239225143476.3252, "curr_delta_bcls": 0.0, "init_cost_bcls": 239225143476.3252, "delta_cost_bcls": 0.0, "min_cost_old": 38610740368.4099, "min_risk_old": 25579214055.41274, "min_len_old": 13031526312.99716, "find_percentage_curr_old": 1.0, "mean_find_ratio_curr_old": 1.0, "find_percentage_total_old": 1.0, "mean_find_ratio_total_old": 1.0, "search_advantage": 0.5016758645040523, "time_to_find": 13.533985604927851, "find_percentage": 0.0838, "comp_time": 16.348654985427856}