{"min_cost_bcls": 239225142272.62033, "curr_cost_bcls": 239225142272.62033, "curr_delta_bcls": 0.0, "init_cost_bcls": 239225142272.62033, "delta_cost_bcls": 0.0, "min_cost_old": 35623267798.689125, "min_risk_old": 22591741485.691967, "min_len_old": 13031526312.99716, "find_percentage_curr_old": 1.0, "mean_find_ratio_curr_old": 1.0, "find_percentage_total_old": 1.0, "mean_find_ratio_total_old": 1.0, "search_advantage": 0.5016758645040523, "time_to_find": 13.43941934758272, "find_percentage": 0.0936, "comp_time": 16.267138957977295}