{"min_cost_bcls": 239225156702.701, "curr_cost_bcls": 239225156702.701, "curr_delta_bcls": 0.0, "init_cost_bcls": 239225156702.701, "delta_cost_bcls": 0.0, "min_cost_old": 36610317475.72298, "min_risk_old": 23578791162.72582, "min_len_old": 13031526312.99716, "find_percentage_curr_old": 1.0, "mean_find_ratio_curr_old": 1.0, "find_percentage_total_old": 1.0, "mean_find_ratio_total_old": 1.0, "search_advantage": 0.5016758645040523, "time_to_find": 14.269891460238126, "find_percentage": 0.0946, "comp_time": 16.05919075012207}