{"min_cost_bcls": 258509132451.1562, "curr_cost_bcls": 258509132451.1562, "curr_delta_bcls": 0.0, "init_cost_bcls": 258509132451.1562, "delta_cost_bcls": 0.0, "min_cost_old": 61957641066.08911, "min_risk_old": 22863079914.357025, "min_len_old": 39094561151.732086, "find_percentage_curr_old": 1.0, "mean_find_ratio_curr_old": 1.0, "find_percentage_total_old": 1.0, "mean_find_ratio_total_old": 1.0, "search_advantage": 0.5019890810071286, "time_to_find": 11.326318105184301, "find_percentage": 0.224, "comp_time": 17.649405479431152}