{"min_cost_bcls": 258509114769.81036, "curr_cost_bcls": 258509114769.81036, "curr_delta_bcls": 0.0, "init_cost_bcls": 258509114769.81036, "delta_cost_bcls": 0.0, "min_cost_old": 62456605380.82396, "min_risk_old": 23362044229.09187, "min_len_old": 39094561151.732086, "find_percentage_curr_old": 1.0, "mean_find_ratio_curr_old": 1.0, "find_percentage_total_old": 1.0, "mean_find_ratio_total_old": 1.0, "search_advantage": 0.5019890810071286, "time_to_find": 11.528466439859722, "find_percentage": 0.2352, "comp_time": 17.05289316177368}