{"min_cost_bcls": 258509131668.55994, "curr_cost_bcls": 258509131668.55994, "curr_delta_bcls": 0.0, "init_cost_bcls": 258509131668.55994, "delta_cost_bcls": 0.0, "min_cost_old": 63444345600.29817, "min_risk_old": 24349784448.566082, "min_len_old": 39094561151.732086, "find_percentage_curr_old": 1.0, "mean_find_ratio_curr_old": 1.0, "find_percentage_total_old": 1.0, "mean_find_ratio_total_old": 1.0, "search_advantage": 0.5019890810071286, "time_to_find": 11.01100618123179, "find_percentage": 0.2242, "comp_time": 17.536941528320312}