{"min_cost_bcls": 258509131889.21103, "curr_cost_bcls": 258509131889.21103, "curr_delta_bcls": 0.0, "init_cost_bcls": 258509131889.21103, "delta_cost_bcls": 0.0, "min_cost_old": 62639934694.86131, "min_risk_old": 23545373543.129223, "min_len_old": 39094561151.732086, "find_percentage_curr_old": 1.0, "mean_find_ratio_curr_old": 1.0, "find_percentage_total_old": 1.0, "mean_find_ratio_total_old": 1.0, "search_advantage": 0.5019890810071286, "time_to_find": 11.05334634700951, "find_percentage": 0.219, "comp_time": 17.352577924728394}