{"min_cost_bcls": 258509211988.9972, "curr_cost_bcls": 258509211988.9972, "curr_delta_bcls": 0.0, "init_cost_bcls": 258509211988.9972, "delta_cost_bcls": 0.0, "min_cost_old": 59869033120.82782, "min_risk_old": 20774471969.095737, "min_len_old": 39094561151.732086, "find_percentage_curr_old": 1.0, "mean_find_ratio_curr_old": 1.0, "find_percentage_total_old": 1.0, "mean_find_ratio_total_old": 1.0, "search_advantage": 0.5019890810071286, "time_to_find": 11.251978165488772, "find_percentage": 0.2304, "comp_time": 17.276333808898926}