{"min_cost_bcls": 247558085049.86377, "curr_cost_bcls": 247558085049.86377, "curr_delta_bcls": 2189464.695373535, "init_cost_bcls": 247560274514.55914, "delta_cost_bcls": 2189464.695373535, "min_cost_old": 49630162903.31361, "min_risk_old": 22385479161.070114, "min_len_old": 27244683742.243492, "find_percentage_curr_old": 0.3810763888888889, "mean_find_ratio_curr_old": 1.0000028816862268, "find_percentage_total_old": 0.3810763888888889, "mean_find_ratio_total_old": 1.0000028816862268, "search_advantage": 0.5017980428151274, "time_to_find": 9.365036979351654, "find_percentage": 0.152, "comp_time": 16.0980122089386}