{"min_cost_bcls": 247559818389.96637, "curr_cost_bcls": 247559818389.96637, "curr_delta_bcls": 218639.97958374023, "init_cost_bcls": 247560037029.94595, "delta_cost_bcls": 218639.97958374023, "min_cost_old": 49237526794.26935, "min_risk_old": 21992865386.726562, "min_len_old": 27244661407.54278, "find_percentage_curr_old": 0.3706597222222222, "mean_find_ratio_curr_old": 1.000002522866498, "find_percentage_total_old": 0.3706597222222222, "mean_find_ratio_total_old": 1.000002522866498, "search_advantage": 0.5017979294664399, "time_to_find": 9.53136156809147, "find_percentage": 0.1688, "comp_time": 16.32906675338745}