{"min_cost_bcls": 247559717826.58658, "curr_cost_bcls": 247559717826.58658, "curr_delta_bcls": 602043.1924743652, "init_cost_bcls": 247560319869.77905, "delta_cost_bcls": 602043.1924743652, "min_cost_old": 48631610099.98895, "min_risk_old": 21386942144.201225, "min_len_old": 27244667955.787724, "find_percentage_curr_old": 0.3611111111111111, "mean_find_ratio_curr_old": 1.000002012410549, "find_percentage_total_old": 0.3611111111111111, "mean_find_ratio_total_old": 1.000002012410549, "search_advantage": 0.501797654820368, "time_to_find": 9.6281928146026, "find_percentage": 0.1504, "comp_time": 15.862678289413452}