{"min_cost_bcls": 247560987369.1273, "curr_cost_bcls": 247560987369.1273, "curr_delta_bcls": 681252.525390625, "init_cost_bcls": 247560306116.6019, "delta_cost_bcls": 681252.525390625, "min_cost_old": 57230456864.1429, "min_risk_old": 21498218621.92475, "min_len_old": 35732238242.21815, "find_percentage_curr_old": 0.3697916666666667, "mean_find_ratio_curr_old": 1.000002329383995, "find_percentage_total_old": 0.3697916666666667, "mean_find_ratio_total_old": 1.000002329383995, "search_advantage": 0.5017977800124229, "time_to_find": 9.294856264005809, "find_percentage": 0.1614, "comp_time": 16.216642141342163}