{"min_cost_bcls": 247560544877.4374, "curr_cost_bcls": 247560544877.4374, "curr_delta_bcls": 466565.9973449707, "init_cost_bcls": 247560078311.44006, "delta_cost_bcls": 466565.9973449707, "min_cost_old": 59509873418.6552, "min_risk_old": 23777635176.437054, "min_len_old": 35732238242.21815, "find_percentage_curr_old": 0.3780381944444444, "mean_find_ratio_curr_old": 1.0000023204818218, "find_percentage_total_old": 0.3780381944444444, "mean_find_ratio_total_old": 1.0000023204818218, "search_advantage": 0.5017977271371868, "time_to_find": 9.311820943352782, "find_percentage": 0.1584, "comp_time": 16.223305702209473}