{"min_cost_bcls": 233109963471.63956, "curr_cost_bcls": 233109963471.63956, "curr_delta_bcls": 1594882.1107788086, "init_cost_bcls": 233111558353.75034, "delta_cost_bcls": 1594882.1107788086, "min_cost_old": 28962349342.38291, "min_risk_old": 21720087868.474083, "min_len_old": 7242261473.908828, "find_percentage_curr_old": 0.3702256944444444, "mean_find_ratio_curr_old": 1.0000012672119365, "find_percentage_total_old": 0.3702256944444444, "mean_find_ratio_total_old": 1.0000012672119365, "search_advantage": 0.5015212727155229, "time_to_find": 11.529956612534892, "find_percentage": 0.032, "comp_time": 15.562763214111328}