{"min_cost_bcls": 233109810901.21024, "curr_cost_bcls": 233109810901.21024, "curr_delta_bcls": 1775610.1254882812, "init_cost_bcls": 233111586511.33572, "delta_cost_bcls": 1775610.1254882812, "min_cost_old": 26134900251.538612, "min_risk_old": 20633096562.384098, "min_len_old": 5501803689.154514, "find_percentage_curr_old": 0.3689236111111111, "mean_find_ratio_curr_old": 1.000001217110218, "find_percentage_total_old": 0.3689236111111111, "mean_find_ratio_total_old": 1.000001217110218, "search_advantage": 0.5015212419755772, "time_to_find": 11.798678042083734, "find_percentage": 0.0298, "comp_time": 17.510370016098022}