{"min_cost_bcls": 233109732854.51083, "curr_cost_bcls": 233109732854.51083, "curr_delta_bcls": 1780805.4432678223, "init_cost_bcls": 233111513659.9541, "delta_cost_bcls": 1780805.4432678223, "min_cost_old": 27666060889.960785, "min_risk_old": 20423799416.051956, "min_len_old": 7242261473.908828, "find_percentage_curr_old": 0.3693576388888889, "mean_find_ratio_curr_old": 1.000001198558492, "find_percentage_total_old": 0.3693576388888889, "mean_find_ratio_total_old": 1.000001198558492, "search_advantage": 0.5015212364301346, "time_to_find": 12.392820103524885, "find_percentage": 0.0258, "comp_time": 15.966562986373901}