{"min_cost_bcls": 233110000762.02774, "curr_cost_bcls": 233110000762.02774, "curr_delta_bcls": 1594882.1108093262, "init_cost_bcls": 233111595644.13855, "delta_cost_bcls": 1594882.1108093262, "min_cost_old": 28915507408.465836, "min_risk_old": 23413703685.569473, "min_len_old": 5501803722.896363, "find_percentage_curr_old": 0.3702256944444444, "mean_find_ratio_curr_old": 1.0000012672119365, "find_percentage_total_old": 0.3702256944444444, "mean_find_ratio_total_old": 1.0000012672119365, "search_advantage": 0.5015212727155229, "time_to_find": 13.201047685530119, "find_percentage": 0.0286, "comp_time": 15.729823350906372}