{"min_cost_bcls": 233109949722.13147, "curr_cost_bcls": 233109949722.13147, "curr_delta_bcls": 1591813.685760498, "init_cost_bcls": 233111541535.81723, "delta_cost_bcls": 1591813.685760498, "min_cost_old": 24927574798.6298, "min_risk_old": 19425771070.190968, "min_len_old": 5501803728.438833, "find_percentage_curr_old": 0.3702256944444444, "mean_find_ratio_curr_old": 1.000001275399663, "find_percentage_total_old": 0.3702256944444444, "mean_find_ratio_total_old": 1.000001275399663, "search_advantage": 0.5015212752932365, "time_to_find": 13.031656950049097, "find_percentage": 0.0278, "comp_time": 15.985642671585083}