{"min_cost_bcls": 232996647380.07513, "curr_cost_bcls": 232996647380.07513, "curr_delta_bcls": 2075620.4212341309, "init_cost_bcls": 232998723000.49637, "delta_cost_bcls": 2075620.4212341309, "min_cost_old": 29651674503.01616, "min_risk_old": 22409443242.43302, "min_len_old": 7242231260.583136, "find_percentage_curr_old": 0.4635416666666667, "mean_find_ratio_curr_old": 1.0000001375085557, "find_percentage_total_old": 0.4635416666666667, "mean_find_ratio_total_old": 1.0000001375085557, "search_advantage": 0.5016409613362964, "time_to_find": 13.400900777631493, "find_percentage": 0.089, "comp_time": 15.941847324371338}