{"min_cost_bcls": 232998171417.06558, "curr_cost_bcls": 232998171417.06558, "curr_delta_bcls": 550488.5258483887, "init_cost_bcls": 232998721905.59143, "delta_cost_bcls": 550488.5258483887, "min_cost_old": 28047192348.794594, "min_risk_old": 20804961088.211456, "min_len_old": 7242231260.583136, "find_percentage_curr_old": 0.3684895833333333, "mean_find_ratio_curr_old": 0.9999995046672365, "find_percentage_total_old": 0.3684895833333333, "mean_find_ratio_total_old": 0.9999995046672365, "search_advantage": 0.5016406811695887, "time_to_find": 14.103759987389951, "find_percentage": 0.0814, "comp_time": 15.623125314712524}