{"min_cost_bcls": 232997673977.21085, "curr_cost_bcls": 232997673977.21085, "curr_delta_bcls": 1000483.3161010742, "init_cost_bcls": 232998674460.52695, "delta_cost_bcls": 1000483.3161010742, "min_cost_old": 29551287353.114616, "min_risk_old": 22309056092.531483, "min_len_old": 7242231260.583136, "find_percentage_curr_old": 0.3689236111111111, "mean_find_ratio_curr_old": 0.9999994906989195, "find_percentage_total_old": 0.3689236111111111, "mean_find_ratio_total_old": 0.9999994906989195, "search_advantage": 0.5016406697767151, "time_to_find": 13.379929667333606, "find_percentage": 0.0972, "comp_time": 16.213478565216064}