{"min_cost_bcls": 232998161581.91727, "curr_cost_bcls": 232998161581.91727, "curr_delta_bcls": 551561.8585205078, "init_cost_bcls": 232998713143.7758, "delta_cost_bcls": 551561.8585205078, "min_cost_old": 29248779201.064743, "min_risk_old": 22006547940.48161, "min_len_old": 7242231260.583136, "find_percentage_curr_old": 0.3684895833333333, "mean_find_ratio_curr_old": 0.9999995223201719, "find_percentage_total_old": 0.3684895833333333, "mean_find_ratio_total_old": 0.9999995223201719, "search_advantage": 0.5016406892450929, "time_to_find": 13.516685640960162, "find_percentage": 0.0924, "comp_time": 15.686357259750366}