{"min_cost_bcls": 232997717962.84198, "curr_cost_bcls": 232997717962.84198, "curr_delta_bcls": 968594.8782958984, "init_cost_bcls": 232998686557.72028, "delta_cost_bcls": 968594.8782958984, "min_cost_old": 27514195046.84574, "min_risk_old": 22012365568.027714, "min_len_old": 5501829478.818027, "find_percentage_curr_old": 0.40234375, "mean_find_ratio_curr_old": 0.9999994843752416, "find_percentage_total_old": 0.40234375, "mean_find_ratio_total_old": 0.9999994843752416, "search_advantage": 0.5016406668032822, "time_to_find": 13.38548980877562, "find_percentage": 0.088, "comp_time": 16.21884250640869}