{"min_cost_bcls": 228842600499.43582, "curr_cost_bcls": 228811945893.90903, "curr_delta_bcls": 1953123.7748413086, "init_cost_bcls": 228823034996.84418, "delta_cost_bcls": 19565502.591644287, "min_cost_old": 21018824891.892666, "min_risk_old": 20751568183.034355, "min_len_old": 267256708.85831186, "find_percentage_curr_old": 0.44140625, "mean_find_ratio_curr_old": 1.000001241466031, "find_percentage_total_old": 0.4978298611111111, "mean_find_ratio_total_old": 1.000210458088821, "search_advantage": 0.5026448238528116, "time_to_find": 7.217394447810763, "find_percentage": 0.2114, "comp_time": 55.39289450645447}