{"min_cost_bcls": 229205536657.28442, "curr_cost_bcls": 229195239474.7317, "curr_delta_bcls": 1457967.4127502441, "init_cost_bcls": 229192654318.5274, "delta_cost_bcls": 12882338.757019043, "min_cost_old": 20627699801.697544, "min_risk_old": 20500754667.31815, "min_len_old": 126945134.37939633, "find_percentage_curr_old": 0.6545138888888888, "mean_find_ratio_curr_old": 1.0000008692550777, "find_percentage_total_old": 0.47265625, "mean_find_ratio_total_old": 1.0000769394294333, "search_advantage": 0.5019701235096805, "time_to_find": 9.940652643205473, "find_percentage": 0.1474, "comp_time": 58.763967990875244}