{"min_cost_bcls": 229210600152.00153, "curr_cost_bcls": 229210560299.30838, "curr_delta_bcls": 54800.710052490234, "init_cost_bcls": 229226495538.95288, "delta_cost_bcls": 15895386.95135498, "min_cost_old": 19544882244.14386, "min_risk_old": 19407334377.908306, "min_len_old": 137547866.23555478, "find_percentage_curr_old": 0.4709201388888889, "mean_find_ratio_curr_old": 1.0000035842149324, "find_percentage_total_old": 0.5112847222222222, "mean_find_ratio_total_old": 1.0000543816564056, "search_advantage": 0.501906476072213, "time_to_find": 9.198509163808863, "find_percentage": 0.1448, "comp_time": 50.69341421127319}