{"min_cost_bcls": 229191631694.63882, "curr_cost_bcls": 229186693626.9831, "curr_delta_bcls": 801741.7164306641, "init_cost_bcls": 229190981536.14474, "delta_cost_bcls": 650158.4940795898, "min_cost_old": 21024913157.436108, "min_risk_old": 20701322999.088253, "min_len_old": 323590158.3478552, "find_percentage_curr_old": 0.6080729166666666, "mean_find_ratio_curr_old": 1.0000027870635355, "find_percentage_total_old": 0.56640625, "mean_find_ratio_total_old": 1.000099541263022, "search_advantage": 0.5019870076678533, "time_to_find": 9.722060317858467, "find_percentage": 0.1536, "comp_time": 45.181999921798706}