{"min_cost_bcls": 229206165839.18362, "curr_cost_bcls": 229177186285.08908, "curr_delta_bcls": 1174557.6303100586, "init_cost_bcls": 229202588719.22775, "delta_cost_bcls": 3577119.955871582, "min_cost_old": 20372661311.988464, "min_risk_old": 20204668972.7599, "min_len_old": 167992339.22856688, "find_percentage_curr_old": 0.6167534722222222, "mean_find_ratio_curr_old": 1.000001069007906, "find_percentage_total_old": 0.5130208333333334, "mean_find_ratio_total_old": 1.0001679967238117, "search_advantage": 0.5019640797272196, "time_to_find": 9.829458915451935, "find_percentage": 0.152, "comp_time": 46.71200084686279}