{"min_cost_bcls": 248768669288.6229, "curr_cost_bcls": 248768669288.6229, "curr_delta_bcls": 0.0, "init_cost_bcls": 248768669288.6229, "delta_cost_bcls": 0.0, "min_cost_old": 46430546613.548836, "min_risk_old": 20367509357.785965, "min_len_old": 26063037255.76287, "find_percentage_curr_old": 1.0, "mean_find_ratio_curr_old": 1.0, "find_percentage_total_old": 1.0, "mean_find_ratio_total_old": 1.0, "search_advantage": 0.5019282152728807, "time_to_find": 20.75476011054407, "find_percentage": 0.1082, "comp_time": 17.04204297065735}