{"min_cost_bcls": 248768693300.84274, "curr_cost_bcls": 248768693300.84274, "curr_delta_bcls": 0.0, "init_cost_bcls": 248768693300.84274, "delta_cost_bcls": 0.0, "min_cost_old": 49528911634.19052, "min_risk_old": 23465874378.427647, "min_len_old": 26063037255.76287, "find_percentage_curr_old": 1.0, "mean_find_ratio_curr_old": 1.0, "find_percentage_total_old": 1.0, "mean_find_ratio_total_old": 1.0, "search_advantage": 0.5019282152728807, "time_to_find": 20.47754098742052, "find_percentage": 0.1172, "comp_time": 17.672802209854126}