{"min_cost_bcls": 248768735979.86658, "curr_cost_bcls": 248768735979.86658, "curr_delta_bcls": 0.0, "init_cost_bcls": 248768735979.86658, "delta_cost_bcls": 0.0, "min_cost_old": 47957667536.4742, "min_risk_old": 21894630280.71133, "min_len_old": 26063037255.76287, "find_percentage_curr_old": 1.0, "mean_find_ratio_curr_old": 1.0, "find_percentage_total_old": 1.0, "mean_find_ratio_total_old": 1.0, "search_advantage": 0.5019282152728807, "time_to_find": 20.389560220636724, "find_percentage": 0.1024, "comp_time": 17.390369415283203}