{"min_cost_bcls": 248768678629.56146, "curr_cost_bcls": 248768678629.56146, "curr_delta_bcls": 0.0, "init_cost_bcls": 248768678629.56146, "delta_cost_bcls": 0.0, "min_cost_old": 49139609323.55815, "min_risk_old": 23076572067.795277, "min_len_old": 26063037255.76287, "find_percentage_curr_old": 1.0, "mean_find_ratio_curr_old": 1.0, "find_percentage_total_old": 1.0, "mean_find_ratio_total_old": 1.0, "search_advantage": 0.5019282152728807, "time_to_find": 20.83896190580643, "find_percentage": 0.1104, "comp_time": 17.440783739089966}