{"min_cost_bcls": 248768677542.17297, "curr_cost_bcls": 248768677542.17297, "curr_delta_bcls": 0.0, "init_cost_bcls": 248768677542.17297, "delta_cost_bcls": 0.0, "min_cost_old": 48336335633.1456, "min_risk_old": 22273298377.382725, "min_len_old": 26063037255.76287, "find_percentage_curr_old": 1.0, "mean_find_ratio_curr_old": 1.0, "find_percentage_total_old": 1.0, "mean_find_ratio_total_old": 1.0, "search_advantage": 0.5019282152728807, "time_to_find": 20.54921931019018, "find_percentage": 0.1052, "comp_time": 17.339828729629517}