{"min_cost_bcls": 244649176297.15845, "curr_cost_bcls": 244649176297.15845, "curr_delta_bcls": 8413334.781646729, "init_cost_bcls": 244657589631.9401, "delta_cost_bcls": 8413334.781646729, "min_cost_old": 53588564941.441414, "min_risk_old": 21007547415.48504, "min_len_old": 32581017525.956375, "find_percentage_curr_old": 0.3333333333333333, "mean_find_ratio_curr_old": 1.0000013850384233, "find_percentage_total_old": 0.3333333333333333, "mean_find_ratio_total_old": 1.0000013850384233, "search_advantage": 0.5016750456788683, "time_to_find": 8.9847815938889, "find_percentage": 0.0804, "comp_time": 15.765769720077515}