{"min_cost_bcls": 244648288890.8548, "curr_cost_bcls": 244648288890.8548, "curr_delta_bcls": 9244288.87286377, "init_cost_bcls": 244657533179.72766, "delta_cost_bcls": 9244288.87286377, "min_cost_old": 47066642918.62816, "min_risk_old": 22588533935.68729, "min_len_old": 24478108982.940872, "find_percentage_curr_old": 0.3567708333333333, "mean_find_ratio_curr_old": 1.0000013957568368, "find_percentage_total_old": 0.3567708333333333, "mean_find_ratio_total_old": 1.0000013957568368, "search_advantage": 0.5016750807671463, "time_to_find": 8.667973936178386, "find_percentage": 0.0816, "comp_time": 15.420619010925293}