{"min_cost_bcls": 244647684556.81097, "curr_cost_bcls": 244647684556.81097, "curr_delta_bcls": 10065946.869689941, "init_cost_bcls": 244657750503.68066, "delta_cost_bcls": 10065946.869689941, "min_cost_old": 55380796117.460304, "min_risk_old": 22799778591.50393, "min_len_old": 32581017525.956375, "find_percentage_curr_old": 0.3598090277777778, "mean_find_ratio_curr_old": 1.0000011870724381, "find_percentage_total_old": 0.3598090277777778, "mean_find_ratio_total_old": 1.0000011870724381, "search_advantage": 0.5016746932067716, "time_to_find": 8.71459418037979, "find_percentage": 0.087, "comp_time": 15.74346113204956}