{"min_cost_bcls": 244647633444.2674, "curr_cost_bcls": 244647633444.2674, "curr_delta_bcls": 9996348.284088135, "init_cost_bcls": 244657629792.55148, "delta_cost_bcls": 9996348.284088135, "min_cost_old": 55684091271.00186, "min_risk_old": 23103073745.045483, "min_len_old": 32581017525.956375, "find_percentage_curr_old": 0.3363715277777778, "mean_find_ratio_curr_old": 0.9999990437770817, "find_percentage_total_old": 0.3363715277777778, "mean_find_ratio_total_old": 0.9999990437770817, "search_advantage": 0.5016736357788149, "time_to_find": 8.709046058487548, "find_percentage": 0.072, "comp_time": 15.43370509147644}