{"min_cost_bcls": 244648341068.61438, "curr_cost_bcls": 244648341068.61438, "curr_delta_bcls": 9275445.526245117, "init_cost_bcls": 244657616514.14062, "delta_cost_bcls": 9275445.526245117, "min_cost_old": 45674587790.0748, "min_risk_old": 21196479854.67485, "min_len_old": 24478107935.399944, "find_percentage_curr_old": 0.3654513888888889, "mean_find_ratio_curr_old": 1.0000012668044977, "find_percentage_total_old": 0.3654513888888889, "mean_find_ratio_total_old": 1.0000012668044977, "search_advantage": 0.5016749444387911, "time_to_find": 8.977429773336503, "find_percentage": 0.0886, "comp_time": 15.395215511322021}